Airport,Avg Origin Delay,Avg Destination Delay
AFIL,6.083333333333333,0.0
BGSF,12.469047619047618,0.0
BIAR,7.233333333333333,0.0
BIKF,14.051718968618827,0.0
BIRK,-0.5623188405797102,0.0
BKPR,-3.985350645539906,4.634155473578005
CYBG,0.475,0.0
CYEG,19.865108695652175,0.0
CYFB,11.4625,0.0
CYHM,26.057923497267762,0.0
CYHZ,27.24959074230878,0.0
CYMX,-1.3111111111111111,0.0
CYOW,24.595119182746878,0.0
CYQB,8.865289256198347,0.0
CYQM,92.66666666666667,0.0
CYQX,30.41413043478261,0.0
CYSJ,-10.5,0.0
CYUL,24.074269475688865,0.0
CYVP,14.6,0.0
CYVR,28.02776953103524,0.0
CYWG,23.52647058823529,0.0
CYXY,19.003191489361704,0.0
CYYC,27.02901309901554,0.0
CYYG,5.816666666666666,0.0
CYYR,26.080555555555556,0.0
CYYT,21.76964208710651,0.0
CYYZ,25.210117026235185,0.0
DAAE,7.439303482587064,0.0
DAAG,5.284862307822268,0.0
DAAJ,15.883333333333333,0.0
DAAK,-11.7,0.0
DAAQ,25.0,0.0
DAAS,3.8970588235294117,0.0
DAAT,-8.842222222222222,0.0
DABB,9.83712643678161,0.0
DABC,10.783531746031747,0.0
DABT,3.551587301587302,0.0
DAOB,11.483333333333333,0.0
DAOF,-9.203030303030301,0.0
DAOI,-0.24004329004329003,0.0
DAON,2.654166666666667,0.0
DAOO,3.6792144373673037,0.0
DAOR,-33.38333333333333,0.0
DAOY,8.233333333333333,0.0
DAUA,-4.515816326530612,0.0
DAUB,12.85040650406504,0.0
DAUG,-15.966666666666667,0.0
DAUH,-2.8389492753623187,0.0
DAUO,2.4061538461538463,0.0
DAUZ,-7.677777777777778,0.0
DBBB,10.116789577187808,0.0
DFFD,3.2983884648006785,0.0
DGAA,18.297993127147766,0.0
DIAP,16.885127314814817,0.0
DNAA,10.794221351616063,0.0
DNKN,5.4,0.0
DNMM,12.341784037558686,0.0
DNPO,-1.1122549019607844,0.0
DRRN,3.2506431767337807,0.0
DRZA,39.13333333333333,0.0
DTKA,-11.944871794871796,0.0
DTMB,1.0195659216067379,0.0
DTNH,7.521157059314954,0.0
DTTA,5.989290972930117,0.0
DTTG,17.541666666666668,0.0
DTTJ,4.576931628682601,0.0
DTTX,2.7469791666666667,0.0
DTTZ,0.6875,0.0
DXXX,4.0863349131121645,0.0
EBAW,9.502039117769455,0.0
EBBR,4.092794722763642,0.0
EBCI,6.662666986641069,0.0
EBKT,3.6083333333333334,0.0
EBLG,-0.14166666666666666,0.0
EBMB,1.8133333333333332,0.0
EBOS,0.6454674220963172,0.0
EDAB,-2.5142857142857142,0.0
EDAC,6.132539682539683,0.0
EDAH,2.333823529411765,0.0
EDAJ,-5.433333333333334,0.0
EDAV,-12.334615384615384,0.0
EDAZ,4.111904761904762,0.0
EDBC,1.6833333333333333,0.0
EDBH,-19.766666666666666,0.0
EDBJ,-20.205555555555556,0.0
EDBM,-7.4714285714285715,0.0
EDBN,-30.808333333333334,0.0
EDBR,-6.25,0.0
EDCM,32.65,0.0
EDCO,12.933333333333334,0.0
EDCY,-8.066666666666666,0.0
EDDB,6.808043180056062,0.0
EDDC,-0.7546305298979096,0.0
EDDE,-2.4062111801242234,0.0
EDDF,8.411457586074706,3.7038669733924676
EDDG,0.2812685055321802,0.0
EDDH,5.786343756695782,0.0
EDDK,3.281896512135198,0.0
EDDL,6.5968469855937375,0.0
EDDM,7.9431848228174875,3.1830483943205428
EDDN,6.896754016647309,0.0
EDDP,-3.182013093881685,0.0
EDDR,-2.1280898876404497,0.0
EDDS,7.474369366094795,0.0
EDDT,4.410922261341103,0.0
EDDV,4.753061718312841,0.0
EDDW,3.408576447227738,0.0
EDFB,-0.4666666666666667,0.0
EDFE,2.394565217391304,0.0
EDFH,7.7247289014615745,0.0
EDFM,1.256201550387597,0.0
EDFU,10.116666666666667,0.0
EDFZ,8.083333333333334,0.0
EDGE,-0.6166666666666667,0.0
EDGS,-2.5072463768115942,0.0
EDHI,3.1712121212121214,0.0
EDHK,0.36133333333333334,0.0
EDHL,-8.195904995904996,0.0
EDJA,5.577732240437158,0.0
EDLD,11.483333333333333,0.0
EDLE,3.2552083333333335,0.0
EDLI,-7.277777777777778,0.0
EDLN,1.282808398950131,0.0
EDLP,2.848459516298633,0.0
EDLS,7.5055555555555555,0.0
EDLV,4.223114355231144,0.0
EDLW,5.907533494399297,0.0
EDMA,1.040359477124183,0.0
EDME,-23.058333333333334,0.0
EDML,3.6107843137254902,0.0
EDMO,1.0135922330097087,0.0
EDMS,-7.78030303030303,0.0
EDMV,-11.3,0.0
EDNY,0.4477760577915377,0.0
EDON,2.5722222222222224,0.0
EDOP,-6.963888888888889,0.0
EDOV,-33.6,0.0
EDQA,18.05,0.0
EDQG,4.598511904761905,0.0
EDQM,-7.0858333333333325,0.0
EDQT,15.15,0.0
EDRE,-13.85,0.0
EDRK,-6.629901960784314,0.0
EDRT,-3.3666666666666667,0.0
EDRY,2.353083333333333,0.0
EDRZ,-4.003525641025641,0.0
EDSB,-5.283146905294556,0.0
EDTD,-3.339583333333333,0.0
EDTF,-12.833333333333334,0.0
EDTG,-8.008333333333333,0.0
EDTL,1.4994791666666667,0.0
EDTM,-0.38364779874213834,0.0
EDTY,10.991317365269461,0.0
EDVE,5.985455053042993,0.0
EDVK,1.8765372168284788,0.0
EDWE,-32.580555555555556,0.0
EDWF,-82.68333333333334,0.0
EDWI,-1.06,0.0
EDXF,-4.3,0.0
EDXJ,49.083333333333336,0.0
EDXW,0.35261550210003817,0.0
EETN,2.661723163841808,0.0
EETU,3.796666666666667,0.0
EFET,6.43311403508772,0.0
EFHA,13.516666666666667,0.0
EFHK,10.541871733011659,0.0
EFIV,3.892570869990225,0.0
EFJO,13.777777777777777,0.0
EFJY,-0.475,0.0
EFKK,-9.676666666666668,0.0
EFKS,5.212909836065574,0.0
EFKT,5.247726207219879,0.0
EFKU,12.0,0.0
EFLP,-2.5194444444444444,0.0
EFOU,1.2204545454545455,0.0
EFPO,1.0666666666666667,0.0
EFRO,6.124236474694589,0.0
EFTP,2.304380341880342,0.0
EFTU,1.7075555555555555,0.0
EFVA,-6.51904761904762,0.0
EGAA,8.468034672582368,0.0
EGAC,8.387827545903555,0.0
EGAE,8.165555555555555,0.0
EGBB,0.8566920479164011,0.0
EGBE,-3.8770685579196216,0.0
EGBJ,2.159259259259259,0.0
EGBP,0.36666666666666664,0.0
EGBW,-23.366666666666667,0.0
EGCC,1.3721417314828936,0.0
EGCM,11.9,0.0
EGCN,5.657775524002704,0.0
EGDM,17.033333333333335,0.0
EGDX,2.9,0.0
EGDY,10.25,0.0
EGEO,23.133333333333333,0.0
EGFE,-9.68,0.0
EGFF,2.717973237391908,0.0
EGGD,4.196132815518974,0.0
EGGP,2.5662696151069566,0.0
EGGW,2.0169722091648503,0.0
EGHH,2.7962184873949583,0.0
EGHI,1.467158225241919,0.0
EGHL,39.73055555555556,0.0
EGHQ,6.481281959804971,0.0
EGHR,15.466666666666667,0.0
EGJB,5.098868901608068,0.0
EGJJ,4.0881853990421195,0.0
EGKA,-1.1375,0.0
EGKB,4.964676414838885,0.0
EGKK,1.7545123753932457,12.428034030210664
EGLC,6.76214269984585,0.0
EGLF,4.179412721652839,0.0
EGLJ,17.016666666666666,0.0
EGLK,-1.3089430894308942,0.0
EGLL,5.784539490676171,18.30229772527013
EGMC,3.4540077569489336,0.0
EGMD,5.805208333333334,0.0
EGNC,3.3633333333333337,0.0
EGNE,15.266666666666667,0.0
EGNH,4.183647798742139,0.0
EGNJ,6.134441301272984,0.0
EGNM,5.94301186459127,0.0
EGNO,-2.9963930348258705,0.0
EGNR,3.4800653594771243,0.0
EGNS,3.953693520300614,0.0
EGNT,7.203482637481421,0.0
EGNV,7.374696237739716,0.0
EGNX,1.5428512894673416,0.0
EGOV,-2.25,0.0
EGPA,-4.45,0.0
EGPB,-1.1712121212121211,0.0
EGPC,-7.233333333333333,0.0
EGPD,7.647145766274716,0.0
EGPE,10.098508230452675,0.0
EGPF,7.457042068130364,0.0
EGPH,6.963793596340766,0.0
EGPI,0.7666666666666667,0.0
EGPK,3.6165801988759183,0.0
EGPN,2.7698529411764707,0.0
EGQL,15.233333333333333,0.0
EGSC,1.0119904076738608,0.0
EGSG,9.216666666666667,0.0
EGSH,7.054903677758318,0.0
EGSS,2.406392703124587,0.0
EGSU,-4.033333333333333,0.0
EGSY,-1.430952380952381,0.0
EGTB,-12.333333333333334,0.0
EGTC,6.359523809523809,0.0
EGTD,4.4,0.0
EGTE,0.11980493943684127,0.0
EGTF,-7.774074074074075,0.0
EGTK,3.82258883248731,0.0
EGTR,20.433333333333334,0.0
EGUL,-1.6833333333333333,0.0
EGVA,4.983333333333333,0.0
EGVN,1.2722222222222221,0.0
EGWU,6.987646333949476,0.0
EHAM,9.117285606533766,11.040342148180192
EHBD,-3.7958333333333334,0.0
EHBK,1.9775745257452575,0.0
EHEH,5.116641875619776,0.0
EHFE,104.53333333333333,0.0
EHGG,-0.9212483399734396,0.0
EHJF,5.416666666666667,0.0
EHKD,-0.65,0.0
EHLE,6.216666666666667,0.0
EHRD,1.6942899214659686,0.0
EHTE,-4.5625,0.0
EHTW,-8.641397849462367,0.0
EHWO,11.463333333333333,0.0
EICK,8.244180596090917,0.0
EICM,20.977777777777778,0.0
EIDL,-4.2630309208290855,0.0
EIDW,7.375911573836314,1.8010735507096711
EIKN,2.4963963963963964,0.0
EIKY,-8.583105691056911,0.0
EINN,2.6721758540372673,0.0
EIWF,-1.3733333333333335,0.0
EIWT,-0.23333333333333334,0.0
EKAE,-6.033333333333333,0.0
EKAF,13.816666666666666,0.0
EKAH,0.950063371356147,0.0
EKBI,6.852729384436701,0.0
EKCH,6.9447063224841,0.0
EKEB,-0.8565656565656565,0.0
EKKA,-3.0768115942028986,0.0
EKOD,0.033888888888888885,0.0
EKRK,1.2742857142857142,0.0
EKRN,-7.791666666666667,0.0
EKSB,1.8644607843137255,0.0
EKSN,-5.708333333333333,0.0
EKSP,-0.5111111111111112,0.0
EKTS,-3.655555555555556,0.0
EKVG,3.624462365591398,0.0
EKYT,8.37317634893777,0.0
ELLX,2.86766758096338,0.0
ENAL,7.497054648687012,0.0
ENAT,-0.5111111111111112,0.0
ENBO,0.7605263157894736,0.0
ENBR,4.426229283659773,0.0
ENCN,6.3587451550387595,0.0
ENDU,-2.2708333333333335,0.0
ENEV,-1.5918650793650793,0.0
ENFG,9.246969696969698,0.0
ENGM,8.098338779195874,0.0
ENHD,4.741666666666666,0.0
ENKB,15.229166666666666,0.0
ENKR,5.241666666666666,0.0
ENML,-3.448148148148148,0.0
ENNA,-8.848148148148148,0.0
ENNO,3.7666666666666666,0.0
ENRY,2.5923245614035086,0.0
ENSB,7.705555555555555,0.0
ENTC,3.106876456876457,0.0
ENTO,5.324318658280922,0.0
ENVA,8.964844093104963,0.0
ENZV,5.790862140201074,0.0
EPBC,-23.733333333333334,0.0
EPBY,1.679863481228669,0.0
EPGD,4.767549047893826,0.0
EPKK,4.857127808157565,0.0
EPKT,0.5532910279654965,0.0
EPLB,-0.19813193228254525,0.0
EPLL,-1.632843137254902,0.0
EPML,18.6,0.0
EPMO,2.5366638441998304,0.0
EPPO,2.3799652448657187,0.0
EPPW,8.25,0.0
EPRA,1.9977777777777777,0.0
EPRZ,1.4410130718954248,0.0
EPSC,1.7339655172413793,0.0
EPSY,-7.739999999999999,0.0
EPWA,6.93548889841559,0.0
EPWR,3.265077933142886,0.0
EPZG,-11.178571428571427,0.0
ESDF,-0.9833333333333333,0.0
ESGG,6.364884631231973,0.0
ESGJ,-2.9433673469387758,0.0
ESGP,3.82,0.0
ESGR,-10.416666666666666,0.0
ESGT,8.636111111111111,0.0
ESKM,-14.291666666666666,0.0
ESKN,1.927276688453159,0.0
ESKS,-4.904761904761904,0.0
ESMK,-3.088888888888889,0.0
ESMQ,-5.140163934426229,0.0
ESMS,-0.24102960102960103,0.0
ESMT,13.775,0.0
ESMX,5.227263969171484,0.0
ESNK,-23.533333333333335,0.0
ESNN,-1.8136363636363635,0.0
ESNO,15.714227642276423,0.0
ESNQ,7.986274509803922,0.0
ESNS,5.605555555555555,0.0
ESNU,-1.6266666666666665,0.0
ESNX,1.8646067415730339,0.0
ESNZ,10.041552511415524,0.0
ESOE,4.927272727272727,0.0
ESOK,2.785185185185185,0.0
ESOW,-0.41000000000000003,0.0
ESPA,15.427380952380952,0.0
ESSA,5.93257977198174,0.0
ESSB,2.2639624724061806,0.0
ESSD,4.116666666666666,0.0
ESSK,0.43333333333333335,0.0
ESSL,10.1342709798406,0.0
ESSP,2.4683882783882782,0.0
ESSU,16.55,0.0
ESSV,-1.6541666666666666,0.0
ESTA,-4.779268292682927,0.0
ESUP,4.55,0.0
ETAR,-1.6669811320754717,0.0
ETMN,-3.0738095238095235,0.0
ETND,3.96875,0.0
ETNG,0.8,0.0
ETNH,12.7,0.0
ETNL,1.9008078679311557,0.0
ETNS,-6.916666666666667,0.0
ETSI,-0.8808411214953271,0.0
ETSN,8.483333333333333,0.0
EVLA,-6.233333333333333,0.0
EVRA,5.777235806871569,0.0
EYKA,1.2365746298519407,0.0
EYPA,-2.8724358974358974,0.0
EYSA,-9.573333333333332,0.0
EYVI,3.036820257368203,0.0
FACT,10.798589427554095,0.0
FALA,9.322222222222223,0.0
FALE,18.813888888888886,0.0
FAOR,13.122705643826547,0.0
FAPE,-73.08333333333333,0.0
FAUP,12.5,0.0
FCBB,15.68324530516432,0.0
FCPP,7.6109719737626715,0.0
FEFF,9.518666666666666,0.0
FGBT,15.116666666666667,0.0
FGSL,6.498396904367054,0.0
FIMP,9.864797040591883,0.0
FJDG,13.266666666666667,0.0
FKKD,13.926743737957612,0.0
FKYS,21.934035361414455,0.0
FLKK,-6.372222222222222,0.0
FLSK,9.983333333333333,0.0
FMCZ,13.345656565656565,0.0
FMEE,17.19567945932899,0.0
FMMI,11.542311052861512,0.0
FMNN,-0.3414351851851852,0.0
FNLU,-3.1990081028220176,0.0
FOOL,7.078574371652246,0.0
FPST,-16.283333333333335,0.0
FQBR,24.366666666666667,0.0
FQMA,-1.5416666666666667,0.0
FSIA,5.597427766032417,0.0
FTTJ,6.809068627450981,0.0
FVRG,33.03333333333333,0.0
FYWH,-1.0755921730175078,0.0
FZAA,14.788735177865613,0.0
FZNA,11.166666666666666,0.0
FZQA,-5.75,0.0
GABS,16.219545779685266,0.0
GBYD,5.0250980392156865,0.0
GCFV,2.426271103737679,0.0
GCGM,-0.31666666666666665,0.0
GCLA,2.4128609541745134,0.0
GCLP,5.256024023782741,0.0
GCRR,3.8096539766858495,0.0
GCTS,1.9196309508642289,0.0
GCXO,5.319341207180606,0.0
GEML,3.125758735016577,0.0
GFLL,9.553333333333335,0.0
GGOV,-38.333333333333336,0.0
GLRB,1.6706284153005464,0.0
GMAD,-0.29864001460387,0.0
GMFB,-19.283333333333335,0.0
GMFF,2.003856577027309,0.0
GMFK,-9.941463414634146,0.0
GMFO,-0.44028475711892795,0.0
GMME,-0.5256923421908286,0.0
GMMH,-1.9277777777777778,0.0
GMMI,-2.698888888888889,0.0
GMML,-2.75,0.0
GMMN,6.885826716812927,0.0
GMMW,5.177768874643875,0.0
GMMX,4.632393351268255,0.0
GMMZ,4.000649350649351,0.0
GMTA,9.899019607843139,0.0
GMTN,6.722510822510823,0.0
GMTT,8.365650522317189,0.0
GOBD,9.752601112614645,0.0
GOOY,12.965242881072026,0.0
GOSS,25.5,0.0
GQNN,-6.605087719298245,0.0
GQNO,4.773846153846153,0.0
GQPA,8.675252525252525,0.0
GQPP,2.068888888888889,0.0
GUCY,12.254401408450706,0.0
GVAC,2.936153705732019,0.0
GVBA,10.669767441860465,0.0
GVNP,10.282183908045976,0.0
GVSV,-4.8875,0.0
HAAB,21.670493289807762,0.0
HADR,-3.6166666666666667,0.0
HDAM,17.835441767068275,0.0
HEAL,20.433333333333334,0.0
HEAT,-22.35,0.0
HEBA,-1.4813432835820894,0.0
HEBL,3.6666666666666665,0.0
HECA,10.043365320287673,0.0
HEGN,0.9045165286929098,0.0
HELX,12.555493482309124,0.0
HEMA,3.0186930091185413,0.0
HEMM,-7.767261904761905,0.0
HESG,35.13333333333333,0.0
HESH,-5.866576367389061,0.0
HESN,3.2346153846153842,0.0
HESX,4.368333333333334,0.0
HETB,-22.766666666666666,0.0
HHAS,29.875,0.0
HKJK,18.21210663459611,0.0
HKMO,-0.3012037037037037,0.0
HLLB,21.186666666666667,0.0
HLLM,12.934848484848485,0.0
HLLT,53.46666666666667,0.0
HLMS,15.376190476190477,0.0
HRYR,20.81218905472637,0.0
HSSJ,134.88333333333333,0.0
HSSK,6.444444444444445,0.0
HSSS,-12.229999999999999,0.0
HTDA,8.499499284692417,0.0
HTKJ,-37.24090909090909,0.0
HTMW,-3.658333333333333,0.0
HTZA,3.63912213740458,0.0
HUEN,8.50655147588193,0.0
KADS,100.68333333333334,0.0
KADW,28.905555555555555,0.0
KAEX,35.8,0.0
KAFW,24.52698412698413,0.0
KAGC,97.125,0.0
KAPA,17.766666666666666,0.0
KAPF,75.2,0.0
KATL,21.82500714408184,0.0
KAUS,30.716331096196868,0.0
KBAF,-5.466666666666667,0.0
KBCT,5.541666666666667,0.0
KBDL,8.802039800995026,0.0
KBED,14.644444444444444,0.0
KBFI,22.449479166666666,0.0
KBFM,29.766666666666666,0.0
KBGR,22.854166666666668,0.0
KBHM,-5.55,0.0
KBJC,-16.116666666666667,0.0
KBNA,32.42144373673036,0.0
KBOS,9.308695748843828,0.0
KBQK,-26.683333333333334,0.0
KBTV,68.98333333333333,0.0
KBUF,-22.766666666666666,0.0
KBWI,15.1045203969129,0.0
KBZN,24.7,0.0
KCEF,35.81666666666667,0.0
KCHS,41.03225806451613,0.0
KCLE,17.062698412698413,0.0
KCLT,21.175959267062506,0.0
KCPR,-20.2,0.0
KCVG,13.59807116104869,0.0
KDAL,-3.529166666666667,0.0
KDCA,31.833333333333332,0.0
KDEC,-15.566666666666666,0.0
KDEN,28.332043042165743,0.0
KDFW,21.712976718594174,0.0
KDHN,5.638888888888888,0.0
KDOV,73.34583333333333,0.0
KDPA,13.046666666666665,0.0
KDTW,8.129773983337458,0.0
KEFD,62.233333333333334,0.0
KELM,-12.933333333333334,0.0
KELP,4.2,0.0
KEWR,21.2098982704239,0.0
KFAR,22.633333333333333,0.0
KFAY,-1.2,0.0
KFLL,28.856635802469135,0.0
KFOK,12.679166666666667,0.0
KFRG,-7.7,0.0
KFWA,1.4666666666666666,0.0
KFXE,26.655555555555555,0.0
KGSB,11.65,0.0
KGSP,10.76470588235294,0.0
KGTB,32.2,0.0
KGTF,-38.28333333333333,0.0
KGYR,-47.38333333333333,0.0
KHOU,7.695238095238095,0.0
KHPN,23.61574074074074,0.0
KHSV,12.635714285714284,0.0
KHYA,12.13888888888889,0.0
KIAD,15.420435142118864,0.0
KIAH,24.651041784196472,0.0
KIND,37.281932153392326,0.0
KINL,-14.891666666666667,0.0
KISP,27.366666666666667,0.0
KIWA,-18.383333333333333,0.0
KJAX,9.975,0.0
KJFK,7.629000254388197,0.0
KLAS,28.273147790233217,0.0
KLAX,23.99484131455399,0.0
KLCK,3.4306666666666668,0.0
KLEB,3.5166666666666666,0.0
KLEX,3.35,0.0
KLGA,3.658333333333333,0.0
KLGB,-35.35,0.0
KLIT,-1.225,0.0
KLNK,113.33333333333333,0.0
KLSV,30.616666666666667,0.0
KLUK,-4.6875,0.0
KMCI,18.166666666666668,0.0
KMCO,25.628208057269056,0.0
KMDT,56.59444444444444,0.0
KMDW,-0.030952380952380953,0.0
KMEM,42.521824133050245,0.0
KMHT,-13.2,0.0
KMIA,20.705635276532135,0.0
KMKE,19.091666666666665,0.0
KMLB,13.676315789473684,0.0
KMLI,0.8,0.0
KMMU,-1.6033333333333333,0.0
KMQY,9.216666666666667,0.0
KMRY,-16.166666666666668,0.0
KMSN,10.45,0.0
KMSP,17.166970583821104,0.0
KMSY,27.008684210526315,0.0
KMZJ,50.666666666666664,0.0
KNBG,29.516666666666666,0.0
KNGU,16.783333333333335,0.0
KNTD,29.933333333333334,0.0
KNUQ,15.0,0.0
KOAK,26.293910256410257,0.0
KOPF,16.045454545454547,0.0
KOQU,24.533333333333335,0.0
KORD,9.899093717816685,0.0
KORF,20.433333333333334,0.0
KORL,10.208333333333334,0.0
KOSC,5.2,0.0
KPAE,22.05909090909091,0.0
KPBI,25.024074074074072,0.0
KPDK,7.072222222222222,0.0
KPDX,21.13919781221513,0.0
KPHL,9.951272048281151,0.0
KPHX,27.239569351230426,0.0
KPIE,7.154166666666667,0.0
KPIT,24.77777777777778,0.0
KPSM,19.07,0.0
KPTK,-22.55,0.0
KPVD,3.0988023952095807,0.0
KPWK,-6.945833333333334,0.0
KRDU,17.339813289401427,0.0
KRFD,24.595771144278608,0.0
KRIC,0.36666666666666664,0.0
KRIV,56.15833333333333,0.0
KRNO,21.766666666666666,0.0
KROC,10.866666666666667,0.0
KRST,5.338888888888889,0.0
KRSW,19.301937984496124,0.0
KSAN,25.052436374922408,0.0
KSAT,6.583333333333333,0.0
KSAV,50.55,0.0
KSBA,-5.175,0.0
KSBN,-2.283333333333333,0.0
KSDF,7.353472222222222,0.0
KSDL,-15.283333333333333,0.0
KSEA,21.306184373069797,0.0
KSFB,11.911517615176153,0.0
KSFO,27.108903150525087,0.0
KSHV,22.233333333333334,0.0
KSJC,18.235577841451764,0.0
KSLC,21.571696547144754,0.0
KSMF,7.5,0.0
KSNA,45.208333333333336,0.0
KSRQ,42.2,0.0
KSTL,13.76268656716418,0.0
KSUU,-3.85,0.0
KSWF,6.455276134122288,0.0
KSYR,50.016666666666666,0.0
KTCM,61.233333333333334,0.0
KTEB,20.976007326007327,0.0
KTPA,18.192165242165242,0.0
KTTN,8.925,0.0
KTYS,-11.916666666666666,0.0
KUGN,-4.3,0.0
KVAD,24.604166666666668,0.0
KVBG,261.7,0.0
KVNY,8.041666666666666,0.0
KWRI,41.4,0.0
KYIP,7.3,0.0
LAKU,-33.63,0.0
LATI,-0.39754114468189633,4.250166331247301
LBBG,3.9937886720609233,0.1626187016570531
LBGO,-0.17450980392156862,0.0
LBIA,103.53333333333333,0.0
LBPD,1.9851681957186544,0.0
LBSF,5.240532286212915,0.6161795309754493
LBWB,-34.30833333333333,0.0
LBWN,-3.2346760495025477,0.0
LCLK,6.130145884587164,0.0
LCPH,7.850563703481992,0.0
LCRA,8.033333333333333,0.0
LDDU,2.783750839811882,3.3635573023063032
LDLO,-4.184285714285714,0.0
LDOS,-5.711330487371042,0.0
LDPL,5.867400734067401,0.0
LDRI,-3.336432999523128,0.0
LDSB,-3.650277777777778,0.0
LDSP,3.952072010869565,4.798392078896527
LDSR,-1.2166666666666666,0.0
LDST,-22.7,0.0
LDZA,4.1920550513968164,2.9101402204395748
LDZD,-2.3549174378515696,0.0
LEAB,2.8118279569892475,0.0
LEAL,5.296665294987275,0.0
LEAM,2.724488986515346,0.0
LEAS,2.847740474970101,0.0
LEBA,0.9666666666666667,0.0
LEBB,4.982036287850926,0.0
LEBG,-1.1923255813953488,0.0
LEBL,6.149721580104081,6.526223984686953
LEBZ,1.099458275703089,0.0
LECH,-2.7435643564356433,0.0
LECO,6.697636078751958,0.0
LECT,-11.216666666666667,0.0
LECU,-4.027678571428571,0.0
LEDA,6.311111111111112,0.0
LEDC,-7.36875,0.0
LEGC,-17.3,0.0
LEGE,4.676405716060888,0.0
LEGR,6.021757532281205,0.0
LEGT,16.922222222222224,0.0
LEHC,-8.407142857142857,0.0
LEIB,3.3722470504111546,0.0
LEIZ,-1.4279166666666667,0.0
LEJR,1.687479815455594,0.0
LELC,7.685854640151516,0.0
LELL,-3.271333333333333,0.0
LELN,-0.9163833075734157,0.0
LEMD,5.450190062602222,6.6283939820989675
LEMG,5.7861750891044235,0.0
LEMH,3.657858309990663,0.0
LEMI,3.271265085310029,0.0
LEMO,-7.316666666666666,0.0
LEMU,-9.783333333333333,0.0
LENE,5.733333333333333,0.0
LEPA,3.4574437525944375,0.0
LEPP,5.064276960784314,0.0
LERJ,0.29070992789794786,0.0
LERL,-15.407894736842106,0.0
LERS,2.977822257806245,0.0
LERT,10.415,0.0
LESA,4.203990610328638,0.0
LESO,2.996447873933711,0.0
LEST,3.0115304277341313,0.0
LESU,-2.413815789473684,0.0
LETL,1.7,0.0
LETO,2.3016129032258066,0.0
LEVC,3.909448362252946,0.0
LEVD,6.799168615224733,0.0
LEVT,1.0549382716049382,0.0
LEVX,6.906646780729401,0.0
LEXJ,3.640034932892076,0.0
LEZG,2.714228855721393,0.0
LEZL,6.9451595398306925,0.0
LFAC,9.175,0.0
LFAQ,-0.35,0.0
LFAT,-3.6046296296296294,0.0
LFAV,-1.6444444444444446,0.0
LFAY,3.45,0.0
LFBA,10.864285714285716,0.0
LFBD,5.323458019772761,0.0
LFBE,4.974871794871794,0.0
LFBF,7.35,0.0
LFBG,-24.333333333333332,0.0
LFBH,9.550543024227235,0.0
LFBI,0.9041025641025641,0.0
LFBL,7.061527777777778,0.0
LFBN,7.816666666666666,0.0
LFBO,3.362626174730247,0.0
LFBP,3.526711336472293,0.0
LFBT,1.7172916666666667,0.0
LFBU,8.681944444444444,0.0
LFBX,-5.058333333333334,0.0
LFBZ,6.5682696589188705,0.0
LFCK,6.677272727272727,0.0
LFCR,3.1724537037037037,0.0
LFDJ,-13.95,0.0
LFEV,8.483333333333333,0.0
LFEY,10.5,0.0
LFGA,3.45625,0.0
LFGJ,-10.630701754385965,0.0
LFJL,-1.5554421768707483,0.0
LFJR,10.48529411764706,0.0
LFKB,7.990073529411764,0.0
LFKC,12.893079096045199,0.0
LFKF,13.59793165467626,0.0
LFKJ,7.970673438675695,0.0
LFLA,4.961111111111111,0.0
LFLB,17.522329206785876,0.0
LFLC,7.894759020279167,0.0
LFLD,8.05,0.0
LFLH,5.6125,0.0
LFLI,-13.05,0.0
LFLJ,-8.372222222222222,0.0
LFLL,5.445865507246377,0.0
LFLN,-3.9166666666666665,0.0
LFLP,5.114814814814816,0.0
LFLS,15.05635860979463,0.0
LFLU,8.011666666666667,0.0
LFLV,-9.25,0.0
LFLW,-2.575,0.0
LFLX,0.7241379310344828,0.0
LFLY,0.0775,0.0
LFMA,8.391666666666667,0.0
LFMD,6.045719178082192,0.0
LFMH,6.253508771929825,0.0
LFMK,2.7582885304659497,0.0
LFML,7.468970914642751,0.0
LFMN,9.707708579181014,0.0
LFMP,2.1987538940809968,0.0
LFMQ,6.568085106382979,0.0
LFMT,6.18279702970297,0.0
LFMU,2.1037037037037036,0.0
LFMV,8.177777777777779,0.0
LFOB,5.921124396895322,0.0
LFOD,0.11666666666666667,0.0
LFOH,6.033333333333333,0.0
LFOK,10.841939890710384,0.0
LFOP,7.816666666666666,0.0
LFOT,4.064303482587065,0.0
LFOV,11.55,0.0
LFOZ,0.7378787878787879,0.0
LFPB,8.31284601620882,0.0
LFPG,7.365473703520673,8.347514331860214
LFPM,-2.02,0.0
LFPN,-4.533333333333333,0.0
LFPO,6.910118556228215,0.0
LFPT,11.332882882882883,0.0
LFPV,-1.7138888888888888,0.0
LFQB,1.9388888888888889,0.0
LFQG,-23.75,0.0
LFQQ,8.655225080385852,0.0
LFQT,5.833333333333333,0.0
LFRB,2.074380551659654,0.0
LFRC,10.597619047619048,0.0
LFRD,13.1625,0.0
LFRG,1.706497175141243,0.0
LFRH,2.9713399503722084,0.0
LFRI,7.012962962962963,0.0
LFRK,6.642857142857142,0.0
LFRM,2.1890873015873016,0.0
LFRN,8.555481162051747,0.0
LFRO,1.3291666666666666,0.0
LFRQ,-10.853030303030302,0.0
LFRS,5.539634662286597,0.0
LFRT,-1.6814102564102564,0.0
LFRV,12.025,0.0
LFRZ,2.16969696969697,0.0
LFSB,7.136735868884715,0.0
LFSD,8.05,0.0
LFSG,4.754166666666666,0.0
LFSL,1.6888888888888889,0.0
LFSN,15.99047619047619,0.0
LFST,9.789244215418814,0.0
LFTH,10.326856240126382,0.0
LFTW,6.646464646464647,0.0
LFTZ,1.2678571428571428,0.0
LFVP,10.841666666666667,0.0
LGAD,-38.7,0.0
LGAL,-11.870833333333334,0.0
LGAV,2.656559776115214,0.0
LGBL,10.871842105263159,0.0
LGEL,16.566666666666666,0.0
LGHI,4.3,0.0
LGIO,2.9633333333333334,0.0
LGIR,5.654677152317881,0.0
LGKF,14.426521287642782,0.0
LGKL,9.247129546137662,0.0
LGKO,5.462775351770985,0.0
LGKP,9.889132882882883,0.0
LGKR,10.789243876464324,0.0
LGKV,7.240058016877637,0.0
LGLM,18.13638095238095,0.0
LGMK,5.147384768294199,0.0
LGMT,10.71737509321402,0.0
LGPA,19.025,0.0
LGPZ,10.777693744164333,0.0
LGRP,6.717972302604382,0.0
LGRX,-0.35899224806201546,0.0
LGSA,6.9029488960938705,0.0
LGSK,5.932994732881866,0.0
LGSM,7.145325953259532,0.0
LGSR,9.328832116788321,0.0
LGST,11.587254901960785,0.0
LGSY,1.4444444444444444,0.0
LGTS,5.354957913686566,0.0
LGZA,13.080797500918779,0.0
LHBC,17.205555555555556,0.0
LHBP,8.016878433863928,0.0
LHDC,-0.28473167044595615,0.0
LHKE,3.8800000000000003,0.0
LHKK,0.5333333333333333,0.0
LHPP,5.4375,0.0
LHPR,-2.716666666666667,0.0
LHSM,6.177777777777778,0.0
LHTL,-21.104166666666668,0.0
LHUD,-4.194444444444445,0.0
LIBC,3.2453900709219856,0.0
LIBD,2.2092025903999555,0.0
LIBF,-8.36111111111111,0.0
LIBG,5.053703703703704,0.0
LIBP,3.585413153456998,0.0
LIBR,-0.9282473604826545,0.0
LICA,-1.358920867941536,0.0
LICB,0.17304560260586319,0.0
LICC,-0.06527068437180797,0.0
LICD,-0.8315476190476191,0.0
LICG,0.38544600938967133,0.0
LICJ,-0.3044345645234838,0.0
LICK,-7.5,0.0
LICR,0.13592608206857784,0.0
LICT,-8.117574989438108,0.0
LICZ,5.833333333333333,0.0
LIDT,-4.766666666666667,0.0
LIEA,-6.523663522012579,0.0
LIEE,-5.127882782462603,0.0
LIEO,1.2287348151977255,0.0
LIMC,6.359331966637991,0.0
LIME,4.671040603741497,0.0
LIMF,0.28278892733564015,0.0
LIMG,-6.857407407407408,0.0
LIMJ,0.2095586216364635,0.0
LIML,4.327648666398322,0.0
LIMP,2.0827083333333336,0.0
LIMW,9.991666666666667,0.0
LIMZ,-3.356177156177156,0.0
LIPA,17.633333333333333,0.0
LIPB,6.5416020671834625,0.0
LIPE,5.082400581716062,0.0
LIPH,3.803467781603542,0.0
LIPK,-1.0898550724637681,0.0
LIPO,-3.529153354632588,0.0
LIPQ,-6.621068353540679,0.0
LIPR,2.130562347188264,0.0
LIPX,0.031946417133149524,0.0
LIPY,-1.0426587860024392,0.0
LIPZ,4.712109054829386,0.0
LIQS,7.830952380952381,0.0
LIRA,5.842733541504034,0.0
LIRE,4.916666666666667,0.0
LIRF,7.9166678254098475,-0.15128611703476938
LIRI,5.588020833333333,0.0
LIRJ,-1.9264705882352942,0.0
LIRN,5.119516674012046,0.0
LIRP,6.631846655697006,0.0
LIRQ,6.290801465826344,0.0
LIRS,2.5822429906542057,0.0
LIRZ,7.500139386698526,0.0
LJLJ,4.882304769392034,0.0
LJMB,-1.8959876543209875,0.0
LJPZ,-1.0277777777777777,0.0
LKCS,0.01111111111111111,0.0
LKHK,-5.461904761904762,0.0
LKKB,-3.6366666666666663,0.0
LKKU,-0.09027777777777778,0.0
LKKV,-0.06666666666666667,0.0
LKLN,-10.833333333333334,0.0
LKMH,-7.161904761904762,0.0
LKMT,-2.203386454183267,0.0
LKPD,-8.984090909090908,0.0
LKPM,7.0,0.0
LKPR,8.103156668863985,0.0
LKTB,-2.962608117099135,0.0
LKVO,55.9,0.0
LLBG,8.069895759855788,0.0
LLER,-4.792276422764228,0.0
LLET,-12.45,0.0
LLOV,4.119354838709677,0.0
LLSD,18.005128205128205,0.0
LMML,4.729768286871575,0.0
LOAN,0.11764705882352941,0.0
LOIJ,-18.17777777777778,0.0
LOWG,3.437951627351448,0.0
LOWI,7.766632443531828,0.0
LOWK,3.719557195571956,0.0
LOWL,-0.25142569607514254,0.0
LOWS,7.219911767890008,0.0
LOWW,5.4441764447122045,0.0
LOWZ,-20.52857142857143,0.0
LOXZ,9.53985507246377,0.0
LPAZ,2.707777777777778,0.0
LPBJ,10.854644808743169,0.0
LPCS,7.375851581508516,0.0
LPEV,7.788888888888889,0.0
LPFR,4.834004107673484,0.0
LPLA,5.651851851851851,0.0
LPMA,4.925490196078431,0.0
LPPD,1.8892213642213642,0.0
LPPR,2.6400619999006016,0.0
LPPS,3.863586956521739,0.0
LPPT,8.172447686617316,0.0
LQBK,-5.3045197740112995,0.0
LQMO,-0.21184486373165617,0.0
LQSA,-1.9552903871829104,5.35407813570939
LQTZ,-4.1203125,0.0
LRAR,-9.552739726027397,0.0
LRBC,-0.5675470552519732,0.0
LRBM,-4.291666666666667,0.0
LRBS,-2.8168103448275863,0.0
LRBV,6.197619047619047,0.0
LRCK,-4.173880597014925,0.0
LRCL,6.087821884161318,0.0
LRCV,6.168531746031746,0.0
LRIA,-0.04259424161472247,0.0
LROD,1.419047619047619,0.0
LROP,6.362490707144681,0.0
LRSB,-0.8617001338688085,0.0
LRSM,-7.592708333333333,0.0
LRSV,-3.0712301587301587,0.0
LRTC,15.761111111111111,0.0
LRTM,7.065625,0.0
LRTR,1.1672815169435842,0.0
LSGC,11.341666666666667,0.0
LSGG,6.592376426464932,0.0
LSGK,0.5045045045045045,0.0
LSGL,-6.689784946236559,0.0
LSGS,1.0669925512104284,0.0
LSME,-2.8833333333333333,0.0
LSMP,11.930434782608696,0.0
LSTS,-8.05,0.0
LSZA,4.0309728183118745,0.0
LSZB,2.535457627118644,0.0
LSZC,4.072916666666667,0.0
LSZG,2.1333333333333333,0.0
LSZH,4.761506643208737,0.0
LSZM,3.7666666666666666,0.0
LSZR,4.734035087719298,0.0
LSZS,-2.727072310405644,0.0
LTAC,6.720694654563792,0.0
LTAD,4.216666666666667,0.0
LTAF,1.9795808966861597,0.0
LTAG,5.166666666666667,0.0
LTAI,1.6050212251345082,0.0
LTAJ,7.856086142322098,0.0
LTAN,15.203137254901963,0.0
LTAP,-4.783333333333333,0.0
LTAS,6.016666666666667,0.0
LTAT,7.7892156862745106,0.0
LTAU,7.266643291257597,0.0
LTAY,19.45,0.0
LTAZ,3.4339506172839505,0.0
LTBA,8.07808294029679,0.0
LTBH,-12.483333333333333,0.0
LTBJ,3.22378949827697,0.0
LTBQ,10.75,0.0
LTBR,-0.44230769230769235,0.0
LTBS,11.956418278346606,0.0
LTBU,2.6946236559139787,0.0
LTBY,10.46,0.0
LTBZ,-2.9833333333333334,0.0
LTCA,5.773371647509578,0.0
LTCB,3.0473333333333334,0.0
LTCC,7.866190476190477,0.0
LTCE,3.941666666666667,0.0
LTCF,43.55,0.0
LTCG,0.09954648526077098,0.0
LTCI,10.816666666666666,0.0
LTCN,32.78333333333333,0.0
LTDA,39.36666666666667,0.0
LTFC,-3.566666666666667,0.0
LTFD,-8.533333333333333,0.0
LTFE,8.2043570742418,0.0
LTFG,8.919755747126436,0.0
LTFH,0.2466292134831461,0.0
LTFJ,10.545846457405597,0.0
LTFM,3.7607938728812322,0.0
LUKK,-1.574392797319933,0.0
LWOH,7.268306737588653,0.0
LWSK,-1.3009934362249425,2.1483613204846868
LXGB,14.004182642035552,0.0
LYBE,2.6772825607064017,0.0
LYBT,1.0166666666666666,0.0
LYKV,-3.896666666666667,0.0
LYNI,-10.365900383141762,0.0
LYPG,-0.7131392863015952,0.0
LYPR,3.5283333333333333,0.0
LYTV,10.292845528455285,3.635568400770713
LZIB,-0.028641532016756434,0.0
LZKZ,-1.9616803278688524,0.0
LZPP,7.44375,0.0
LZSL,-11.851960784313725,0.0
LZTT,-9.869078947368422,0.0
LZZI,-7.433333333333334,0.0
MBPV,16.53611111111111,0.0
MDCY,6.261711711711712,0.0
MDLR,8.525754458161865,0.0
MDPC,15.867536275094414,0.0
MDPP,10.004473039215688,0.0
MDSD,8.946156622158066,0.0
MGGT,27.429166666666667,0.0
MHLM,13.92512077294686,0.0
MHPR,10.482456140350877,0.0
MKJP,28.186295418641393,0.0
MKJS,16.85283578241815,0.0
MMAN,16.775,0.0
MMAS,-21.066666666666666,0.0
MMCZ,6.333333333333333,0.0
MMGL,12.526095025983667,0.0
MMMD,50.3375,0.0
MMMX,27.67109340803642,0.0
MMMY,16.73380503144654,0.0
MMPR,9.182380952380953,0.0
MMQT,1.6666666666666667,0.0
MMSD,11.178205128205128,0.0
MMTO,5.523809523809524,0.0
MMUN,18.14737294546455,0.0
MNMG,-86.78333333333333,0.0
MPTO,14.568225605966438,0.0
MRLB,4.791786283891548,0.0
MROC,18.44526987811956,0.0
MSLP,-5.529160419790105,0.0
MTPP,7.066666666666666,0.0
MUCC,20.456666666666667,0.0
MUCF,0.7166666666666667,0.0
MUCL,12.766666666666667,0.0
MUCU,27.511174242424243,0.0
MUHA,18.845809824719776,0.0
MUHG,16.540151515151514,0.0
MUSC,7.180645161290323,0.0
MUVR,18.89355179704017,0.0
MWCR,19.249074074074073,0.0
MYEH,-21.25,0.0
MYGF,5.766666666666667,0.0
MYNN,15.733664122137405,0.0
NTAA,-26.066666666666666,0.0
OAIX,6.658666666666666,0.0
OAKB,17.236944444444443,0.0
OAKN,30.522222222222222,0.0
OBBI,17.08368544600939,0.0
OBBS,0.7166666666666667,0.0
OEAO,5.016666666666667,0.0
OEDF,6.0248378728923475,0.0
OEDR,2.283333333333333,0.0
OEGS,2.9944444444444445,0.0
OEHL,11.766666666666667,0.0
OEJN,20.34383672733826,0.0
OEKM,-56.95,0.0
OEMA,24.469724770642202,0.0
OENN,23.771875,0.0
OEPS,22.666666666666668,0.0
OERK,18.50648468094909,0.0
OERY,3.591666666666667,0.0
OETF,78.00238095238095,0.0
OEWJ,21.005555555555553,0.0
OEYN,40.93333333333333,0.0
OIIE,13.256901002879555,0.0
OIII,20.226666666666667,0.0
OIIP,-9.516666666666667,0.0
OITR,26.686666666666667,0.0
OITT,44.80833333333333,0.0
OJAI,10.575010541110329,0.0
OJAM,12.381818181818181,0.0
OJAQ,-8.075391498881432,0.0
OJMS,19.77037037037037,0.0
OKAS,6.9,0.0
OKBK,17.686356324150413,0.0
OKKK,14.304477611940298,0.0
OLBA,8.930161211868528,0.0
OMAA,16.031168398184594,0.0
OMAD,-2.967094017094017,0.0
OMAL,13.811979166666667,0.0
OMAM,11.064814814814815,0.0
OMDB,23.1404321659053,0.0
OMDM,3.194444444444444,0.0
OMDW,11.200578465063,0.0
OMFJ,46.46666666666667,0.0
OMRK,3.7438596491228067,0.0
OMSJ,10.357490421455939,0.0
OOMS,18.74352158059866,0.0
OOSA,3.787037037037037,0.0
OPIS,20.579979828542612,0.0
OPKC,26.85679933665008,0.0
OPLA,20.569101123595505,0.0
OPRK,-23.366666666666667,0.0
OPRN,27.930655737704917,0.0
OPST,12.300925925925926,0.0
ORAA,-5.45,0.0
ORBI,11.314594127806563,0.0
ORER,9.951061076604555,0.0
ORMM,15.711363636363636,0.0
ORNI,26.9,0.0
ORSU,10.047076023391813,0.0
OTBD,-0.004609929078014185,0.0
OTBH,16.770098039215686,0.0
OTHH,13.62592422421715,0.0
PAFA,34.52298850574712,0.0
PANC,13.222727272727273,0.0
PHNL,125.78333333333333,0.0
RCTP,21.186138211382115,0.0
RJAA,13.6268142151797,0.0
RJBB,13.636850574712643,0.0
RJCC,28.766666666666666,0.0
RJFF,13.588652482269504,0.0
RJGG,21.63262222222222,0.0
RJNA,-3.35,0.0
RJSS,-3.0833333333333335,0.0
RJTT,17.52489164598842,0.0
RKSI,24.964039704524467,0.0
RKSO,22.766666666666666,0.0
RKSS,22.366666666666667,0.0
RPLC,42.77569444444444,0.0
RPLL,17.847142857142856,0.0
RPVM,18.466666666666665,0.0
SAAR,-7.938888888888888,0.0
SABE,-24.666666666666668,0.0
SACO,12.192857142857143,0.0
SAEZ,1.824520699663917,0.0
SARI,12.044871794871796,0.0
SBBR,9.866460905349793,0.0
SBCF,5.083333333333333,0.0
SBEG,-25.95,0.0
SBFZ,9.327115716753022,0.0
SBGL,12.239972276938792,0.0
SBGR,8.02701177558402,0.0
SBJH,-3.8833333333333333,0.0
SBKP,-6.516304347826087,0.0
SBNF,10.916666666666666,0.0
SBRF,5.939173228346457,0.0
SBSG,16.38978494623656,0.0
SBSV,13.578496319663513,0.0
SCEL,12.406700300938219,0.0
SEGU,7.912300724637681,0.0
SELT,12.108333333333333,0.0
SEQM,11.97193448428508,0.0
SGAS,-3.0298358315488936,0.0
SKBO,23.328664098476796,0.0
SKBQ,-0.5537037037037037,0.0
SKCG,12.524771480804388,0.0
SKCL,19.242992190711057,0.0
SKRG,17.929186106791082,0.0
SLCB,21.225,0.0
SLVR,20.527539127539125,0.0
SMJP,14.78591817316841,0.0
SOCA,17.52037037037037,0.0
SPIM,24.09408602150538,0.0
SPJC,19.509484366838297,0.0
SULS,14.2125,0.0
SUMU,-6.603476669716376,0.0
SVMG,2.9833333333333334,0.0
SVMI,16.35843962585034,0.0
SVVG,-18.183333333333334,0.0
SYCJ,13.866666666666667,0.0
TAPA,10.68016058016058,0.0
TBPB,17.179179522340302,0.0
TDPD,-30.733333333333334,0.0
TFFF,19.250338600451467,0.0
TFFR,24.589174311926605,0.0
TGPY,33.93541666666667,0.0
TJBQ,-0.17802095024317247,0.0
TJSJ,10.521929824561402,0.0
TLPL,16.134188342967246,0.0
TNCA,5.14361370716511,0.0
TNCB,2.008571898650872,0.0
TNCC,10.584640083632019,0.0
TNCM,10.534410646387833,0.0
TQPF,0.3111111111111111,0.0
TTCP,18.56730769230769,0.0
TTPP,16.616361788617887,0.0
TVSA,-6.166666666666667,0.0
TVSC,5.025,0.0
TXKF,14.721460877431026,0.0
UAAA,15.296534368708656,0.0
UACC,13.421689043593569,0.0
UACK,3.9166666666666665,0.0
UADD,34.87916666666667,0.0
UAII,-17.025,0.0
UAKK,20.548198198198197,0.0
UARR,6.565749235474006,0.0
UATE,22.82459349593496,0.0
UATG,5.163057929724597,0.0
UATT,13.566666666666666,0.0
UBBB,6.978345598255656,0.0
UBBQ,12.944444444444445,0.0
UCFM,-1.680952380952381,0.0
UDYZ,3.128386004514673,0.0
UGKO,-0.6393258426966292,0.0
UGSB,-19.792857142857144,0.0
UGTB,0.864994775339603,0.0
UHBB,-12.583333333333334,0.0
UIII,17.396666666666665,0.0
UKBB,5.8480881102608855,0.0
UKDD,-6.382732732732733,0.0
UKDE,-4.35990990990991,0.0
UKDR,-10.84375,0.0
UKHH,-0.03835845896147404,0.0
UKKK,-4.740764251929301,0.0
UKKM,-10.680952380952382,0.0
UKLI,-9.121428571428572,0.0
UKLL,-1.142608980662078,0.0
UKLN,-11.352380952380951,0.0
UKLU,-5.733333333333333,0.0
UKOH,-17.92888888888889,0.0
UKOO,-4.093429487179487,0.0
UKWW,-7.176190476190476,0.0
ULAA,-3.0823529411764707,0.0
ULLI,8.397199973301294,0.0
ULMM,10.733333333333333,0.0
ULOO,4.75,0.0
ULWC,-4.421875,0.0
UMBB,-11.597619047619048,0.0
UMGG,-17.55367231638418,0.0
UMII,-8.952564102564104,0.0
UMKK,-4.9375,0.0
UMMG,-14.833333333333334,0.0
UMMS,0.8758097792448937,0.0
UMOO,-22.60686274509804,0.0
UNKL,15.837584175084174,0.0
UNNT,10.324426934097422,0.0
UNOO,-5.642857142857142,0.0
UNTT,9.172222222222222,0.0
UNWW,-2.7333333333333334,0.0
URKA,-4.433333333333334,0.0
URKK,9.5510101010101,0.0
URMG,6.8910256410256405,0.0
URML,-10.65,0.0
URMM,-0.8,0.0
URMO,2.816666666666667,0.0
URRP,2.730357142857143,0.0
URRR,-1.6432692307692307,0.0
URSS,-0.7803921568627451,0.0
URWA,17.723333333333336,0.0
URWW,17.066666666666666,0.0
USCC,1.1375,0.0
USCM,11.505555555555556,0.0
USHH,4.425,0.0
USNN,25.778333333333332,0.0
USPP,1.8405555555555557,0.0
USRR,6.675,0.0
USSS,7.441041666666666,0.0
USTR,-1.458695652173913,0.0
UTAA,11.873137802607078,0.0
UTAK,0.7081081081081081,0.0
UTAM,-12.733333333333333,0.0
UTAV,2.6666666666666665,0.0
UTDD,7.632638888888889,0.0
UTFF,2.3833333333333333,0.0
UTNU,1.6333333333333333,0.0
UTSA,0.21097560975609755,0.0
UTSB,-2.716666666666667,0.0
UTSK,42.4,0.0
UTSS,-6.885714285714286,0.0
UTTT,7.366922514619883,0.0
UUBC,1.8916666666666666,0.0
UUBW,5.653289473684211,0.0
UUDD,12.656464914733016,0.0
UUDL,-2.716666666666667,0.0
UUEE,11.720752880172709,0.0
UUMO,0.3222222222222222,0.0
UUOB,-8.233333333333333,0.0
UUOL,10.5,0.0
UUOO,2.275,0.0
UUWW,10.631435584291188,0.0
UUYY,-3.5966666666666667,0.0
UWGG,-3.1127314814814815,0.0
UWKD,2.580316091954023,0.0
UWKE,2.283333333333333,0.0
UWKS,13.15,0.0
UWLW,-29.133333333333333,0.0
UWOO,16.166666666666668,0.0
UWPS,11.75,0.0
UWSS,-0.8733333333333333,0.0
UWUU,1.7195652173913045,0.0
UWWW,0.07768031189083821,0.0
VAAH,25.02563752276867,0.0
VABB,20.930054462598644,0.0
VAPO,6.737037037037037,0.0
VCBI,11.770395783611773,0.0
VCRI,-23.383333333333333,0.0
VDPP,-20.283333333333335,0.0
VECC,16.574,0.0
VGHS,37.549065420560744,0.0
VGSY,24.68864734299517,0.0
VHHH,26.12541434324659,0.0
VIAR,14.024685534591194,0.0
VIDP,24.544932432432436,0.0
VIJP,-24.716666666666665,0.0
VILK,34.416666666666664,0.0
VLVT,63.31666666666667,0.0
VMMC,-2.35,0.0
VNKT,62.083333333333336,0.0
VOBL,16.763356343478716,0.0
VOCB,4.566666666666666,0.0
VOCI,6.116937669376694,0.0
VOGO,17.561196911196912,0.0
VOHS,22.224236760124608,0.0
VOMM,15.513231981981983,0.0
VOTV,19.108333333333334,0.0
VRDA,33.733333333333334,0.0
VRMG,13.6,0.0
VRMM,19.848553459119497,0.0
VTBD,7.09,0.0
VTBS,28.404600626468284,0.0
VTBU,23.815,0.0
VTSG,-32.975,0.0
VTSP,0.5668099331423113,0.0
VVNB,9.069111476008029,0.0
VVPQ,18.726190476190478,0.0
VVTS,13.658527907493886,0.0
VYNT,-274.5,0.0
VYYY,6.008333333333334,0.0
WADD,0.075,0.0
WBSB,18.840533980582524,0.0
WIHH,-3.783333333333333,0.0
WIII,-17.705294953802415,0.0
WIMM,-72.86544715447154,0.0
WMKK,19.914894636015326,0.0
WMKL,15.88888888888889,0.0
WMSA,-49.416666666666664,0.0
WSAP,13.933333333333334,0.0
WSSL,10.916666666666666,0.0
WSSS,17.620658781008707,0.0
YPDN,23.658080808080808,0.0
YPPH,7.204156674660272,0.0
ZBAA,21.804576708791956,0.0
ZBAD,35.55760869565218,0.0
ZBSJ,39.29259259259259,0.0
ZBTJ,27.419298245614034,0.0
ZBYN,34.775,0.0
ZGGG,22.840471024319683,0.0
ZGHA,23.35423976608187,0.0
ZGSZ,19.121439749608765,0.0
ZHCC,23.90124378109453,0.0
ZHHH,9.40873130728413,0.0
ZJHK,18.87063492063492,0.0
ZJSY,12.360185185185184,0.0
ZLXY,19.944500279173646,0.0
ZMCK,6.614473684210526,0.0
ZMUB,12.87278911564626,0.0
ZPPP,17.775494350282486,0.0
ZSAM,35.95146290491118,0.0
ZSCN,11.466666666666667,0.0
ZSFZ,30.381725888324873,0.0
ZSHC,27.775703703703705,0.0
ZSJN,25.273039215686275,0.0
ZSNB,35.31453333333333,0.0
ZSNJ,24.743327008222643,0.0
ZSOF,32.47348484848485,0.0
ZSPD,26.2116975735769,0.0
ZSQD,23.288970588235294,0.0
ZSSS,156.96666666666667,0.0
ZSWZ,18.936363636363637,0.0
ZUCK,10.24980632008155,0.0
ZUGY,27.297777777777775,0.0
ZUTF,3.47125,0.0
ZUUU,19.88743467393774,0.0
ZWWW,39.761111111111106,0.0
ZYCC,-5.308333333333334,0.0
ZYTX,25.358164983164986,0.0
ZZZZ,9.349029982363316,0.0
