time,airport,out_degree
2015-03-01,BKPR,5
2015-03-01,EDDF,8
2015-03-01,EDDM,14
2015-03-01,EGKK,1
2015-03-01,EGLL,7
2015-03-01,EHAM,11
2015-03-01,EIDW,6
2015-03-01,LATI,8
2015-03-01,LBBG,1
2015-03-01,LBSF,1
2015-03-01,LDDU,1
2015-03-01,LDSP,5
2015-03-01,LDZA,4
2015-03-01,LEBL,4
2015-03-01,LEMD,4
2015-03-01,LFPG,11
2015-03-01,LIRF,7
2015-03-01,LQSA,2
2015-03-01,LWSK,2
2015-03-01,LYTV,1
2015-06-01,BKPR,2
2015-06-01,EDDF,17
2015-06-01,EDDM,16
2015-06-01,EGKK,15
2015-06-01,EGLL,12
2015-06-01,EHAM,11
2015-06-01,EIDW,15
2015-06-01,LATI,9
2015-06-01,LBBG,8
2015-06-01,LBSF,12
2015-06-01,LDDU,6
2015-06-01,LDSP,6
2015-06-01,LDZA,14
2015-06-01,LEBL,15
2015-06-01,LEMD,4
2015-06-01,LFPG,15
2015-06-01,LIRF,14
2015-06-01,LQSA,5
2015-06-01,LWSK,10
2015-06-01,LYTV,7
2015-09-01,BKPR,4
2015-09-01,EDDF,10
2015-09-01,EDDM,12
2015-09-01,EGKK,10
2015-09-01,EGLL,11
2015-09-01,EHAM,9
2015-09-01,EIDW,9
2015-09-01,LATI,6
2015-09-01,LBBG,0
2015-09-01,LBSF,4
2015-09-01,LDDU,2
2015-09-01,LDSP,3
2015-09-01,LDZA,2
2015-09-01,LEBL,5
2015-09-01,LEMD,4
2015-09-01,LFPG,12
2015-09-01,LIRF,8
2015-09-01,LQSA,0
2015-09-01,LWSK,6
2015-09-01,LYTV,2
2015-12-01,BKPR,3
2015-12-01,EDDF,6
2015-12-01,EDDM,8
2015-12-01,EGKK,9
2015-12-01,EGLL,13
2015-12-01,EHAM,6
2015-12-01,EIDW,7
2015-12-01,LATI,3
2015-12-01,LBBG,1
2015-12-01,LBSF,1
2015-12-01,LDDU,2
2015-12-01,LDSP,1
2015-12-01,LDZA,1
2015-12-01,LEBL,3
2015-12-01,LEMD,9
2015-12-01,LFPG,10
2015-12-01,LIRF,8
2015-12-01,LQSA,0
2015-12-01,LWSK,4
2015-12-01,LYTV,1
2016-03-01,BKPR,7
2016-03-01,EDDF,8
2016-03-01,EDDM,13
2016-03-01,EGKK,5
2016-03-01,EGLL,8
2016-03-01,EHAM,8
2016-03-01,EIDW,9
2016-03-01,LATI,3
2016-03-01,LBBG,4
2016-03-01,LBSF,3
2016-03-01,LDDU,2
2016-03-01,LDSP,2
2016-03-01,LDZA,3
2016-03-01,LEBL,7
2016-03-01,LEMD,5
2016-03-01,LFPG,12
2016-03-01,LIRF,9
2016-03-01,LQSA,4
2016-03-01,LWSK,10
2016-03-01,LYTV,1
2016-06-01,BKPR,6
2016-06-01,EDDF,10
2016-06-01,EDDM,10
2016-06-01,EGKK,15
2016-06-01,EGLL,14
2016-06-01,EHAM,10
2016-06-01,EIDW,7
2016-06-01,LATI,8
2016-06-01,LBBG,4
2016-06-01,LBSF,3
2016-06-01,LDDU,4
2016-06-01,LDSP,11
2016-06-01,LDZA,12
2016-06-01,LEBL,16
2016-06-01,LEMD,13
2016-06-01,LFPG,14
2016-06-01,LIRF,15
2016-06-01,LQSA,5
2016-06-01,LWSK,2
2016-06-01,LYTV,6
2016-09-01,BKPR,2
2016-09-01,EDDF,12
2016-09-01,EDDM,13
2016-09-01,EGKK,12
2016-09-01,EGLL,10
2016-09-01,EHAM,9
2016-09-01,EIDW,10
2016-09-01,LATI,8
2016-09-01,LBBG,0
2016-09-01,LBSF,3
2016-09-01,LDDU,3
2016-09-01,LDSP,4
2016-09-01,LDZA,6
2016-09-01,LEBL,9
2016-09-01,LEMD,8
2016-09-01,LFPG,14
2016-09-01,LIRF,9
2016-09-01,LQSA,4
2016-09-01,LWSK,8
2016-09-01,LYTV,4
2016-12-01,BKPR,5
2016-12-01,EDDF,11
2016-12-01,EDDM,11
2016-12-01,EGKK,8
2016-12-01,EGLL,8
2016-12-01,EHAM,15
2016-12-01,EIDW,9
2016-12-01,LATI,1
2016-12-01,LBBG,5
2016-12-01,LBSF,2
2016-12-01,LDDU,2
2016-12-01,LDSP,0
2016-12-01,LDZA,1
2016-12-01,LEBL,12
2016-12-01,LEMD,4
2016-12-01,LFPG,10
2016-12-01,LIRF,5
2016-12-01,LQSA,6
2016-12-01,LWSK,6
2016-12-01,LYTV,3
2017-03-01,BKPR,1
2017-03-01,EDDF,9
2017-03-01,EDDM,4
2017-03-01,EGKK,4
2017-03-01,EGLL,3
2017-03-01,EHAM,5
2017-03-01,EIDW,0
2017-03-01,LATI,3
2017-03-01,LBBG,2
2017-03-01,LBSF,5
2017-03-01,LDDU,1
2017-03-01,LDSP,2
2017-03-01,LDZA,1
2017-03-01,LEBL,3
2017-03-01,LEMD,8
2017-03-01,LFPG,3
2017-03-01,LIRF,2
2017-03-01,LQSA,3
2017-03-01,LWSK,1
2017-03-01,LYTV,0
2017-06-01,BKPR,4
2017-06-01,EDDF,17
2017-06-01,EDDM,14
2017-06-01,EGKK,14
2017-06-01,EGLL,14
2017-06-01,EHAM,11
2017-06-01,EIDW,16
2017-06-01,LATI,11
2017-06-01,LBBG,4
2017-06-01,LBSF,7
2017-06-01,LDDU,10
2017-06-01,LDSP,11
2017-06-01,LDZA,11
2017-06-01,LEBL,13
2017-06-01,LEMD,15
2017-06-01,LFPG,17
2017-06-01,LIRF,16
2017-06-01,LQSA,14
2017-06-01,LWSK,6
2017-06-01,LYTV,13
2017-09-01,BKPR,1
2017-09-01,EDDF,5
2017-09-01,EDDM,11
2017-09-01,EGKK,14
2017-09-01,EGLL,12
2017-09-01,EHAM,6
2017-09-01,EIDW,12
2017-09-01,LATI,11
2017-09-01,LBBG,0
2017-09-01,LBSF,2
2017-09-01,LDDU,5
2017-09-01,LDSP,7
2017-09-01,LDZA,4
2017-09-01,LEBL,11
2017-09-01,LEMD,9
2017-09-01,LFPG,14
2017-09-01,LIRF,7
2017-09-01,LQSA,12
2017-09-01,LWSK,5
2017-09-01,LYTV,9
2017-12-01,BKPR,2
2017-12-01,EDDF,14
2017-12-01,EDDM,16
2017-12-01,EGKK,8
2017-12-01,EGLL,12
2017-12-01,EHAM,11
2017-12-01,EIDW,15
2017-12-01,LATI,3
2017-12-01,LBBG,0
2017-12-01,LBSF,1
2017-12-01,LDDU,4
2017-12-01,LDSP,1
2017-12-01,LDZA,8
2017-12-01,LEBL,11
2017-12-01,LEMD,13
2017-12-01,LFPG,8
2017-12-01,LIRF,14
2017-12-01,LQSA,4
2017-12-01,LWSK,1
2017-12-01,LYTV,0
2018-03-01,BKPR,4
2018-03-01,EDDF,7
2018-03-01,EDDM,12
2018-03-01,EGKK,8
2018-03-01,EGLL,8
2018-03-01,EHAM,7
2018-03-01,EIDW,5
2018-03-01,LATI,1
2018-03-01,LBBG,0
2018-03-01,LBSF,2
2018-03-01,LDDU,1
2018-03-01,LDSP,2
2018-03-01,LDZA,7
2018-03-01,LEBL,9
2018-03-01,LEMD,10
2018-03-01,LFPG,12
2018-03-01,LIRF,5
2018-03-01,LQSA,6
2018-03-01,LWSK,3
2018-03-01,LYTV,4
2018-06-01,BKPR,8
2018-06-01,EDDF,6
2018-06-01,EDDM,6
2018-06-01,EGKK,15
2018-06-01,EGLL,12
2018-06-01,EHAM,8
2018-06-01,EIDW,14
2018-06-01,LATI,7
2018-06-01,LBBG,5
2018-06-01,LBSF,8
2018-06-01,LDDU,7
2018-06-01,LDSP,9
2018-06-01,LDZA,10
2018-06-01,LEBL,17
2018-06-01,LEMD,13
2018-06-01,LFPG,14
2018-06-01,LIRF,7
2018-06-01,LQSA,8
2018-06-01,LWSK,2
2018-06-01,LYTV,15
2018-09-01,BKPR,4
2018-09-01,EDDF,15
2018-09-01,EDDM,11
2018-09-01,EGKK,14
2018-09-01,EGLL,14
2018-09-01,EHAM,6
2018-09-01,EIDW,11
2018-09-01,LATI,10
2018-09-01,LBBG,2
2018-09-01,LBSF,3
2018-09-01,LDDU,4
2018-09-01,LDSP,4
2018-09-01,LDZA,6
2018-09-01,LEBL,9
2018-09-01,LEMD,13
2018-09-01,LFPG,16
2018-09-01,LIRF,12
2018-09-01,LQSA,11
2018-09-01,LWSK,2
2018-09-01,LYTV,8
2018-12-01,BKPR,5
2018-12-01,EDDF,12
2018-12-01,EDDM,15
2018-12-01,EGKK,10
2018-12-01,EGLL,9
2018-12-01,EHAM,12
2018-12-01,EIDW,11
2018-12-01,LATI,6
2018-12-01,LBBG,4
2018-12-01,LBSF,2
2018-12-01,LDDU,0
2018-12-01,LDSP,0
2018-12-01,LDZA,4
2018-12-01,LEBL,9
2018-12-01,LEMD,8
2018-12-01,LFPG,13
2018-12-01,LIRF,11
2018-12-01,LQSA,1
2018-12-01,LWSK,1
2018-12-01,LYTV,2
2019-03-01,BKPR,4
2019-03-01,EDDF,11
2019-03-01,EDDM,15
2019-03-01,EGKK,12
2019-03-01,EGLL,8
2019-03-01,EHAM,13
2019-03-01,EIDW,11
2019-03-01,LATI,4
2019-03-01,LBBG,1
2019-03-01,LBSF,6
2019-03-01,LDDU,1
2019-03-01,LDSP,2
2019-03-01,LDZA,5
2019-03-01,LEBL,8
2019-03-01,LEMD,13
2019-03-01,LFPG,11
2019-03-01,LIRF,6
2019-03-01,LQSA,6
2019-03-01,LWSK,5
2019-03-01,LYTV,6
2019-06-01,BKPR,13
2019-06-01,EDDF,10
2019-06-01,EDDM,11
2019-06-01,EGKK,18
2019-06-01,EGLL,17
2019-06-01,EHAM,13
2019-06-01,EIDW,16
2019-06-01,LATI,9
2019-06-01,LBBG,2
2019-06-01,LBSF,9
2019-06-01,LDDU,11
2019-06-01,LDSP,13
2019-06-01,LDZA,12
2019-06-01,LEBL,14
2019-06-01,LEMD,16
2019-06-01,LFPG,13
2019-06-01,LIRF,11
2019-06-01,LQSA,10
2019-06-01,LWSK,5
2019-06-01,LYTV,14
2019-09-01,BKPR,8
2019-09-01,EDDF,16
2019-09-01,EDDM,16
2019-09-01,EGKK,14
2019-09-01,EGLL,10
2019-09-01,EHAM,13
2019-09-01,EIDW,12
2019-09-01,LATI,11
2019-09-01,LBBG,0
2019-09-01,LBSF,11
2019-09-01,LDDU,9
2019-09-01,LDSP,9
2019-09-01,LDZA,8
2019-09-01,LEBL,13
2019-09-01,LEMD,6
2019-09-01,LFPG,18
2019-09-01,LIRF,8
2019-09-01,LQSA,4
2019-09-01,LWSK,5
2019-09-01,LYTV,6
2019-12-01,BKPR,1
2019-12-01,EDDF,14
2019-12-01,EDDM,14
2019-12-01,EGKK,5
2019-12-01,EGLL,11
2019-12-01,EHAM,6
2019-12-01,EIDW,10
2019-12-01,LATI,4
2019-12-01,LBBG,2
2019-12-01,LBSF,2
2019-12-01,LDDU,2
2019-12-01,LDSP,2
2019-12-01,LDZA,4
2019-12-01,LEBL,9
2019-12-01,LEMD,13
2019-12-01,LFPG,9
2019-12-01,LIRF,12
2019-12-01,LQSA,2
2019-12-01,LWSK,2
2019-12-01,LYTV,1
2020-03-01,BKPR,0
2020-03-01,EDDF,10
2020-03-01,EDDM,10
2020-03-01,EGKK,5
2020-03-01,EGLL,11
2020-03-01,EHAM,6
2020-03-01,EIDW,9
2020-03-01,LATI,2
2020-03-01,LBBG,1
2020-03-01,LBSF,6
2020-03-01,LDDU,3
2020-03-01,LDSP,4
2020-03-01,LDZA,2
2020-03-01,LEBL,10
2020-03-01,LEMD,7
2020-03-01,LFPG,7
2020-03-01,LIRF,6
2020-03-01,LQSA,1
2020-03-01,LWSK,5
2020-03-01,LYTV,1
2020-06-01,BKPR,0
2020-06-01,EDDF,1
2020-06-01,EDDM,7
2020-06-01,EGKK,5
2020-06-01,EGLL,9
2020-06-01,EHAM,5
2020-06-01,EIDW,4
2020-06-01,LATI,1
2020-06-01,LBBG,1
2020-06-01,LBSF,5
2020-06-01,LDDU,1
2020-06-01,LDSP,0
2020-06-01,LDZA,6
2020-06-01,LEBL,5
2020-06-01,LEMD,2
2020-06-01,LFPG,6
2020-06-01,LIRF,2
2020-06-01,LQSA,6
2020-06-01,LWSK,7
2020-06-01,LYTV,1
2020-09-01,BKPR,0
2020-09-01,EDDF,13
2020-09-01,EDDM,14
2020-09-01,EGKK,8
2020-09-01,EGLL,4
2020-09-01,EHAM,7
2020-09-01,EIDW,12
2020-09-01,LATI,1
2020-09-01,LBBG,7
2020-09-01,LBSF,7
2020-09-01,LDDU,6
2020-09-01,LDSP,6
2020-09-01,LDZA,5
2020-09-01,LEBL,7
2020-09-01,LEMD,3
2020-09-01,LFPG,8
2020-09-01,LIRF,6
2020-09-01,LQSA,2
2020-09-01,LWSK,7
2020-09-01,LYTV,7
2020-12-01,BKPR,0
2020-12-01,EDDF,12
2020-12-01,EDDM,10
2020-12-01,EGKK,6
2020-12-01,EGLL,2
2020-12-01,EHAM,4
2020-12-01,EIDW,2
2020-12-01,LATI,2
2020-12-01,LBBG,0
2020-12-01,LBSF,4
2020-12-01,LDDU,6
2020-12-01,LDSP,2
2020-12-01,LDZA,4
2020-12-01,LEBL,4
2020-12-01,LEMD,3
2020-12-01,LFPG,8
2020-12-01,LIRF,9
2020-12-01,LQSA,3
2020-12-01,LWSK,0
2020-12-01,LYTV,3
2021-03-01,BKPR,2
2021-03-01,EDDF,2
2021-03-01,EDDM,8
2021-03-01,EGKK,3
2021-03-01,EGLL,4
2021-03-01,EHAM,4
2021-03-01,EIDW,4
2021-03-01,LATI,2
2021-03-01,LBBG,2
2021-03-01,LBSF,1
2021-03-01,LDDU,2
2021-03-01,LDSP,3
2021-03-01,LDZA,11
2021-03-01,LEBL,5
2021-03-01,LEMD,6
2021-03-01,LFPG,2
2021-03-01,LIRF,8
2021-03-01,LQSA,4
2021-03-01,LWSK,1
2021-03-01,LYTV,2
2021-06-01,BKPR,6
2021-06-01,EDDF,5
2021-06-01,EDDM,3
2021-06-01,EGKK,4
2021-06-01,EGLL,5
2021-06-01,EHAM,11
2021-06-01,EIDW,6
2021-06-01,LATI,2
2021-06-01,LBBG,2
2021-06-01,LBSF,4
2021-06-01,LDDU,3
2021-06-01,LDSP,6
2021-06-01,LDZA,4
2021-06-01,LEBL,7
2021-06-01,LEMD,10
2021-06-01,LFPG,6
2021-06-01,LIRF,3
2021-06-01,LQSA,7
2021-06-01,LWSK,6
2021-06-01,LYTV,1
2021-09-01,BKPR,2
2021-09-01,EDDF,10
2021-09-01,EDDM,16
2021-09-01,EGKK,12
2021-09-01,EGLL,14
2021-09-01,EHAM,11
2021-09-01,EIDW,7
2021-09-01,LATI,8
2021-09-01,LBBG,5
2021-09-01,LBSF,2
2021-09-01,LDDU,4
2021-09-01,LDSP,4
2021-09-01,LDZA,4
2021-09-01,LEBL,12
2021-09-01,LEMD,4
2021-09-01,LFPG,4
2021-09-01,LIRF,7
2021-09-01,LQSA,2
2021-09-01,LWSK,8
2021-09-01,LYTV,2
2021-12-01,BKPR,2
2021-12-01,EDDF,15
2021-12-01,EDDM,9
2021-12-01,EGKK,11
2021-12-01,EGLL,6
2021-12-01,EHAM,11
2021-12-01,EIDW,10
2021-12-01,LATI,0
2021-12-01,LBBG,0
2021-12-01,LBSF,2
2021-12-01,LDDU,3
2021-12-01,LDSP,1
2021-12-01,LDZA,4
2021-12-01,LEBL,6
2021-12-01,LEMD,7
2021-12-01,LFPG,4
2021-12-01,LIRF,8
2021-12-01,LQSA,7
2021-12-01,LWSK,3
2021-12-01,LYTV,2
2022-03-01,BKPR,4
2022-03-01,EDDF,5
2022-03-01,EDDM,10
2022-03-01,EGKK,9
2022-03-01,EGLL,7
2022-03-01,EHAM,13
2022-03-01,EIDW,12
2022-03-01,LATI,0
2022-03-01,LBBG,0
2022-03-01,LBSF,1
2022-03-01,LDDU,3
2022-03-01,LDSP,2
2022-03-01,LDZA,5
2022-03-01,LEBL,4
2022-03-01,LEMD,3
2022-03-01,LFPG,15
2022-03-01,LIRF,11
2022-03-01,LQSA,1
2022-03-01,LWSK,2
2022-03-01,LYTV,3
2022-06-01,BKPR,10
2022-06-01,EDDF,7
2022-06-01,EDDM,11
2022-06-01,EGKK,12
2022-06-01,EGLL,16
2022-06-01,EHAM,12
2022-06-01,EIDW,15
2022-06-01,LATI,8
2022-06-01,LBBG,5
2022-06-01,LBSF,4
2022-06-01,LDDU,9
2022-06-01,LDSP,14
2022-06-01,LDZA,7
2022-06-01,LEBL,8
2022-06-01,LEMD,11
2022-06-01,LFPG,15
2022-06-01,LIRF,14
2022-06-01,LQSA,10
2022-06-01,LWSK,10
2022-06-01,LYTV,2
2022-09-01,BKPR,8
2022-09-01,EDDF,15
2022-09-01,EDDM,14
2022-09-01,EGKK,6
2022-09-01,EGLL,10
2022-09-01,EHAM,7
2022-09-01,EIDW,16
2022-09-01,LATI,7
2022-09-01,LBBG,1
2022-09-01,LBSF,3
2022-09-01,LDDU,10
2022-09-01,LDSP,11
2022-09-01,LDZA,8
2022-09-01,LEBL,12
2022-09-01,LEMD,11
2022-09-01,LFPG,17
2022-09-01,LIRF,13
2022-09-01,LQSA,10
2022-09-01,LWSK,4
2022-09-01,LYTV,4
2022-12-01,BKPR,4
2022-12-01,EDDF,5
2022-12-01,EDDM,12
2022-12-01,EGKK,5
2022-12-01,EGLL,10
2022-12-01,EHAM,11
2022-12-01,EIDW,10
2022-12-01,LATI,2
2022-12-01,LBBG,1
2022-12-01,LBSF,2
2022-12-01,LDDU,2
2022-12-01,LDSP,4
2022-12-01,LDZA,8
2022-12-01,LEBL,3
2022-12-01,LEMD,14
2022-12-01,LFPG,4
2022-12-01,LIRF,6
2022-12-01,LQSA,4
2022-12-01,LWSK,0
2022-12-01,LYTV,2
2023-03-01,BKPR,3
2023-03-01,EDDF,3
2023-03-01,EDDM,11
2023-03-01,EGKK,8
2023-03-01,EGLL,13
2023-03-01,EHAM,8
2023-03-01,EIDW,12
2023-03-01,LATI,4
2023-03-01,LBBG,0
2023-03-01,LBSF,5
2023-03-01,LDDU,3
2023-03-01,LDSP,3
2023-03-01,LDZA,3
2023-03-01,LEBL,12
2023-03-01,LEMD,1
2023-03-01,LFPG,13
2023-03-01,LIRF,5
2023-03-01,LQSA,5
2023-03-01,LWSK,2
2023-03-01,LYTV,2
2023-06-01,BKPR,10
2023-06-01,EDDF,9
2023-06-01,EDDM,11
2023-06-01,EGKK,17
2023-06-01,EGLL,16
2023-06-01,EHAM,13
2023-06-01,EIDW,15
2023-06-01,LATI,15
2023-06-01,LBBG,3
2023-06-01,LBSF,5
2023-06-01,LDDU,10
2023-06-01,LDSP,15
2023-06-01,LDZA,11
2023-06-01,LEBL,11
2023-06-01,LEMD,6
2023-06-01,LFPG,16
2023-06-01,LIRF,10
2023-06-01,LQSA,18
2023-06-01,LWSK,15
2023-06-01,LYTV,9
