Airport,Airport_Name,Delay_Type,Distribution,KS_Statistic,P_value,AIC,BIC,P90,P95,P99,Sample_Size,Data_P90,Data_P95,Data_P99
EGLL,London Heathrow,positive,Log-Logistic,0.022657295023020788,1.0480269851239862e-216,3960027.761262428,3960061.03685741,46.9024448364225,65.1152671974906,132.6003950904116,484981,44.21666666666667,56.96666666666667,97.5200000000002
EGLL,London Heathrow,positive,Burr XII,0.005408375568124957,9.497963165928149e-13,3934894.07149503,3934938.4389550057,43.962873254937286,56.851305076075626,98.10841871289279,484981,44.21666666666667,56.96666666666667,97.5200000000002
EGLL,London Heathrow,positive,Generalized Gamma,0.41738358156725025,0.0,4483661.981231199,4483706.348691174,51.60173289319149,92.52833756246959,246.92048764273454,484981,44.21666666666667,56.96666666666667,97.5200000000002
EGLL,London Heathrow,positive,Weibull,0.0321967388774721,0.0,3957869.5011450676,3957902.7767400495,47.77764040450035,59.48364154335865,85.0972057842476,484981,44.21666666666667,56.96666666666667,97.5200000000002
EGLL,London Heathrow,positive,Gamma,0.9384756760849231,0.0,11449958.285615435,11449991.561210416,0.21645980011574706,0.8208569374708818,3.7009217468197537,484981,44.21666666666667,56.96666666666667,97.5200000000002
EGLL,London Heathrow,positive,Log-Normal,0.020838297739935174,2.2722100949124467e-183,3951714.7761293813,3951748.051724363,46.06729670136734,60.07905061295151,97.80993582551615,484981,44.21666666666667,56.96666666666667,97.5200000000002
EGLL,London Heathrow,negative,Log-Logistic,0.037136220287347754,2.1820069503166554e-90,451333.82668697863,451361.5052158503,17.860354414920458,27.986421245072318,75.09938811373088,75070,15.266666666666667,19.69250000000005,34.18333333333333
EGLL,London Heathrow,negative,Burr XII,0.020904635106770653,6.272981357297719e-29,443981.32918830664,444018.2338934689,15.403732930169287,20.564907369946443,37.71497267372949,75070,15.266666666666667,19.69250000000005,34.18333333333333
EGLL,London Heathrow,negative,Generalized Gamma,0.03625766721120122,3.516108918444136e-86,450498.7581264467,450535.66283160896,17.342856436456636,24.335381843040306,44.2523734774176,75070,15.266666666666667,19.69250000000005,34.18333333333333
EGLL,London Heathrow,negative,Weibull,0.4375974873636494,0.0,524507.6651992237,524535.3437280954,11.95303070836043,22.189310200302966,61.00794752998848,75070,15.266666666666667,19.69250000000005,34.18333333333333
EGLL,London Heathrow,negative,Gamma,0.9730970511974802,0.0,1358918.9802592464,1358946.658788118,0.01666669296555035,0.016938528397160056,0.36654307506343997,75070,15.266666666666667,19.69250000000005,34.18333333333333
EGLL,London Heathrow,negative,Log-Normal,0.03796420312866533,1.9121297676822666e-94,450595.289447524,450622.9679763957,16.88189442509882,24.154568000114224,47.00897864525849,75070,15.266666666666667,19.69250000000005,34.18333333333333
LFPG,Paris Charles de Gaulle,positive,Log-Logistic,0.025641942604592377,4.150858852034717e-234,3036931.8276327285,3036964.592806773,34.72480316280241,52.59650802421676,130.7333147303006,409104,31.583333333333332,42.68333333333333,77.31616666666619
LFPG,Paris Charles de Gaulle,positive,Burr XII,0.004303970434624882,5.21585073630109e-07,3011982.8265347495,3012026.513433475,31.14480115931391,42.39029078209977,81.63882776455476,409104,31.583333333333332,42.68333333333333,77.31616666666619
LFPG,Paris Charles de Gaulle,positive,Generalized Gamma,0.02081050293024267,2.4506812246965546e-154,3019933.553589227,3019977.2404879527,33.50293661333359,44.40107357391845,71.57294989925838,409104,31.583333333333332,42.68333333333333,77.31616666666619
LFPG,Paris Charles de Gaulle,positive,Weibull,0.028741470570885608,5.0098672315294194e-294,3026390.0257023387,3026422.790876383,33.893884857831814,43.777048491216014,66.50343299657429,409104,31.583333333333332,42.68333333333333,77.31616666666619
LFPG,Paris Charles de Gaulle,positive,Gamma,0.9289756610886082,0.0,8098814.857175486,8098847.62234953,0.08982513695513153,0.46035445672854325,2.7827029787915873,409104,31.583333333333332,42.68333333333333,77.31616666666619
LFPG,Paris Charles de Gaulle,positive,Log-Normal,0.02425478003481657,1.6610098113240357e-209,3028196.721814661,3028229.486988705,33.00681898216254,45.7920261798713,83.99322518656548,409104,31.583333333333332,42.68333333333333,77.31616666666619
LFPG,Paris Charles de Gaulle,negative,Log-Logistic,0.03401098289916446,5.606354646533335e-174,1028141.3223120951,1028171.499898444,16.625329644595688,24.933478199027746,60.50720910912386,172680,14.75,18.75,29.616666666666667
LFPG,Paris Charles de Gaulle,negative,Burr XII,0.020807476163334573,2.245949384099423e-65,1007358.0293008878,1007398.2660826865,14.801042387078615,19.25703191839893,33.160047335169885,172680,14.75,18.75,29.616666666666667
LFPG,Paris Charles de Gaulle,negative,Generalized Gamma,0.029809779206109777,9.627434831170779e-134,1018701.3250516511,1018741.5618334498,15.952404742783283,21.154921129505734,34.1597811494827,172680,14.75,18.75,29.616666666666667
LFPG,Paris Charles de Gaulle,negative,Weibull,0.6445950162646488,0.0,1425492.6139029257,1425522.7914892747,6.197757458108909,16.310824490306853,79.4278069297296,172680,14.75,18.75,29.616666666666667
LFPG,Paris Charles de Gaulle,negative,Gamma,0.9855538805894243,0.0,3326840.3572012754,3326870.5347876246,0.01666666666666669,0.016666677964210556,0.05955919481862163,172680,14.75,18.75,29.616666666666667
LFPG,Paris Charles de Gaulle,negative,Log-Normal,0.035358602486102675,5.2403021766768106e-188,1022819.5431371473,1022849.7207234963,15.516283970094792,21.27301895382649,38.10472866775678,172680,14.75,18.75,29.616666666666667
EHAM,Amsterdam Schiphol,positive,Log-Logistic,0.022591976598632796,2.342589074642568e-202,3466106.1460938226,3466139.2330593937,37.56824114820108,56.30920862764681,136.7435871941184,455426,34.21666666666667,47.666666666666664,96.58333333333333
EHAM,Amsterdam Schiphol,positive,Burr XII,0.0032967182677089424,0.0001001812743773674,3444991.007441948,3445035.1233960427,34.28091088745205,47.06400402333631,92.73476819627024,455426,34.21666666666667,47.666666666666664,96.58333333333333
EHAM,Amsterdam Schiphol,positive,Generalized Gamma,0.023485001128305705,1.2257727847836974e-218,3456822.6051876866,3456866.721141781,36.988002070896265,49.60090325830401,82.50051956354838,455426,34.21666666666667,47.666666666666664,96.58333333333333
EHAM,Amsterdam Schiphol,positive,Weibull,0.03985312379380723,0.0,3470366.693697258,3470399.780662829,37.873791222966716,48.90324739831331,74.25516941559022,455426,34.21666666666667,47.666666666666664,96.58333333333333
EHAM,Amsterdam Schiphol,positive,Gamma,0.9044387436768188,0.0,8918075.55878899,8918108.64575456,0.39971219958063986,1.168710307323703,4.196342859081404,455426,34.21666666666667,47.666666666666664,96.58333333333333
EHAM,Amsterdam Schiphol,positive,Log-Normal,0.02300789471004261,7.33477844905701e-210,3460343.9167602803,3460377.0037258514,36.41199797543478,50.359612341582036,91.86447635916899,455426,34.21666666666667,47.666666666666664,96.58333333333333
EHAM,Amsterdam Schiphol,negative,Log-Logistic,0.03641954640935052,1.5404019867295388e-162,829770.102627952,829799.664994665,16.55663781545224,25.397919008902253,64.91179403989726,140663,14.45,18.433333333333334,29.25
EHAM,Amsterdam Schiphol,negative,Burr XII,0.02346710723089418,1.0043204959756996e-67,814049.6827116023,814089.0992005529,13.526485609045517,17.682323947545974,30.923266342814056,140663,14.45,18.433333333333334,29.25
EHAM,Amsterdam Schiphol,negative,Generalized Gamma,0.031289935819198644,4.4278436038497516e-120,823833.2611785547,823872.6776675053,15.850884704562738,21.489171483675438,36.26808243641519,140663,14.45,18.433333333333334,29.25
EHAM,Amsterdam Schiphol,negative,Weibull,0.5796813309959101,0.0,1083899.080387592,1083928.6427543052,8.475672594543783,20.220031128906587,83.81532177222998,140663,14.45,18.433333333333334,29.25
EHAM,Amsterdam Schiphol,negative,Gamma,0.9825838205770799,0.0,2616231.2918482,2616260.8542149127,0.01666666666669478,0.016667000980033674,0.10241007019734782,140663,14.45,18.433333333333334,29.25
EHAM,Amsterdam Schiphol,negative,Log-Normal,0.03697692511860984,1.535376557717522e-167,826178.2173401504,826207.7797068633,15.409696310312015,21.52408137355791,39.974975730069346,140663,14.45,18.433333333333334,29.25
EDDF,Frankfurt,positive,Log-Logistic,0.02611237261020498,4.538665704001429e-185,2304570.1156475283,2304602.065094673,35.96034717665916,56.998973720908545,157.05877200386257,311706,32.05,44.15,82.81583333333353
EDDF,Frankfurt,positive,Burr XII,0.011140495714713428,4.950402379553849e-34,2285111.5400194423,2285154.1392823015,33.45466090093985,47.64669011922154,101.36637631208035,311706,32.05,44.15,82.81583333333353
EDDF,Frankfurt,positive,Generalized Gamma,0.017365130061246514,4.44865034683078e-82,2289456.369454502,2289498.9687173613,33.78580808785039,45.67214006621585,76.10746888433138,311706,32.05,44.15,82.81583333333353
EDDF,Frankfurt,positive,Weibull,0.026468028424071588,3.910300816445574e-190,2293914.6281760433,2293946.577623188,33.80275958303236,44.25036450541296,68.71613281477262,311706,32.05,44.15,82.81583333333353
EDDF,Frankfurt,positive,Gamma,0.8789707547934231,0.0,5592399.270828104,5592431.220275248,0.49129652821892866,1.319760401195368,4.3951957546570375,311706,32.05,44.15,82.81583333333353
EDDF,Frankfurt,positive,Log-Normal,0.025661755288905352,9.451259568357651e-179,2297726.0463279122,2297757.995775057,33.56581072409039,48.11259043601032,93.97353539877649,311706,32.05,44.15,82.81583333333353
EDDF,Frankfurt,negative,Log-Logistic,0.03686695652782236,1.708153447518446e-308,1693032.3460472575,1693063.7612991903,20.575091597706333,29.068534046244274,61.39907852055269,260863,18.7,22.7,32.70633333333341
EDDF,Frankfurt,negative,Burr XII,0.013420143720748567,3.0756641258832877e-41,1659351.6853466702,1659393.5723492473,18.40652742488375,22.794256454468833,35.32819233753828,260863,18.7,22.7,32.70633333333341
EDDF,Frankfurt,negative,Generalized Gamma,0.035851043394225846,9.582784334605022e-292,1677769.9190112217,1677811.8060137988,20.227473298327393,26.031833217431643,39.84365702204032,260863,18.7,22.7,32.70633333333341
EDDF,Frankfurt,negative,Weibull,0.6528514926977715,0.0,2336707.3037292217,2336738.7189811547,8.804102338694332,23.1961706201368,113.10122181601396,260863,18.7,22.7,32.70633333333341
EDDF,Frankfurt,negative,Gamma,0.98460877538654,0.0,5406313.441775664,5406344.857027597,0.016666666666683243,0.016666931431313682,0.10157242239580534,260863,18.7,22.7,32.70633333333341
EDDF,Frankfurt,negative,Log-Normal,0.037649770037954666,0.0,1683343.985892058,1683375.4011439907,19.512398560750672,25.617384314595558,42.15896880184631,260863,18.7,22.7,32.70633333333341
LEMD,Madrid Barajas,positive,Log-Logistic,0.027859231671527318,2.4673794004613935e-215,2305925.0086561465,2305957.0248703193,31.29226197972512,46.87206940971708,113.549569326894,318721,28.183333333333334,37.63333333333333,68.8
LEMD,Madrid Barajas,positive,Burr XII,0.004391447696678763,9.140693806227387e-06,2284126.576654728,2284169.2649402916,28.167568419998787,37.846733498970494,70.75609356038453,318721,28.183333333333334,37.63333333333333,68.8
LEMD,Madrid Barajas,positive,Generalized Gamma,0.023992726996971914,8.165949348825555e-160,2293320.872382955,2293363.5606685188,30.381414439196643,40.20515940749216,64.7426617905198,318721,28.183333333333334,37.63333333333333,68.8
LEMD,Madrid Barajas,positive,Weibull,0.6360109873796995,0.0,3033380.3551398767,3033412.3713540495,13.405645505771101,34.393741968834874,160.49524023363313,318721,28.183333333333334,37.63333333333333,68.8
LEMD,Madrid Barajas,positive,Gamma,0.9864995602290965,0.0,7543075.603442935,7543107.619657108,0.01666666666666808,0.016666749259253086,0.08744533330580408,318721,28.183333333333334,37.63333333333333,68.8
LEMD,Madrid Barajas,positive,Log-Normal,0.027879211530033754,1.2128994250922313e-215,2299059.7499857033,2299091.766199876,29.807237161262748,41.029795168995655,74.11674019690089,318721,28.183333333333334,37.63333333333333,68.8
LEMD,Madrid Barajas,negative,Log-Logistic,0.03392150291728058,3.3391129469547576e-158,957056.3661894648,957086.2736876651,17.542484995252938,26.258760327329536,63.44545561800175,157813,15.633333333333333,19.833333333333332,31.25
LEMD,Madrid Barajas,negative,Burr XII,0.02549210773995736,1.5969505519414415e-89,939524.4770755258,939564.3537397928,15.159097267337135,19.173019439260106,31.068313999693345,157813,15.633333333333333,19.833333333333332,31.25
LEMD,Madrid Barajas,negative,Generalized Gamma,0.0330835850956408,1.6738950219821596e-150,948194.2185580415,948234.0952223085,16.912562414493284,21.738199953584935,32.62833852633297,157813,15.633333333333333,19.833333333333332,31.25
LEMD,Madrid Barajas,negative,Weibull,0.6397268898224521,0.0,1317937.885827515,1317967.7933257152,7.04587366199779,18.60855371492125,91.12179255723967,157813,15.633333333333333,19.833333333333332,31.25
LEMD,Madrid Barajas,negative,Gamma,0.981413194200436,0.0,2981606.64248125,2981636.5499794506,0.016666666668752484,0.016669368348160074,0.14625767732366785,157813,15.633333333333333,19.833333333333332,31.25
LEMD,Madrid Barajas,negative,Log-Normal,0.03445027061833217,3.675179501183804e-163,951651.6432149134,951681.5507131137,16.314908345684486,22.291136773517113,39.66075767721736,157813,15.633333333333333,19.833333333333332,31.25
LEBL,Barcelona,positive,Log-Logistic,0.026639516817613104,4.638474270428052e-155,1817872.5971881212,1817903.8945768827,32.0242490618858,48.855005049252306,123.42268571910576,250813,28.783333333333335,39.6,73.11466666666674
LEBL,Barcelona,positive,Burr XII,0.004637991298634375,4.1061265594067185e-05,1802157.5239148973,1802199.2537665796,28.73503218817223,39.43806235029378,77.36496094951445,250813,28.783333333333335,39.6,73.11466666666674
LEBL,Barcelona,positive,Generalized Gamma,0.022662563911667766,2.4778255335160835e-112,1807714.7177147197,1807756.447566402,30.867094636125813,41.107459277121976,66.83699968402776,250813,28.783333333333335,39.6,73.11466666666674
LEBL,Barcelona,positive,Weibull,0.03092406876300413,8.225879319383624e-209,1811747.9065494302,1811779.2039381918,31.242857934512717,40.515565306890274,61.95483477612122,250813,28.783333333333335,39.6,73.11466666666674
LEBL,Barcelona,positive,Gamma,0.865067942554714,0.0,4220062.178832442,4220093.476221203,0.7318425432474649,1.7047414014750848,4.984615790307203,250813,28.783333333333335,39.6,73.11466666666674
LEBL,Barcelona,positive,Log-Normal,0.02643198751012016,1.1657313352378585e-152,1812814.78820297,1812846.0855917316,30.41395940268429,42.449312768015744,78.76807136052842,250813,28.783333333333335,39.6,73.11466666666674
LEBL,Barcelona,negative,Log-Logistic,0.03543430280785778,8.991365438551915e-144,784727.3612361101,784756.7191032758,16.526015433298962,24.367912986558192,56.86015229711827,131394,14.783333333333333,18.5,27.95
LEBL,Barcelona,negative,Burr XII,0.013276622769941474,1.511282852017352e-20,768164.4374290273,768203.5812519148,14.539933051189417,18.660305218197347,31.24155257388321,131394,14.783333333333333,18.5,27.95
LEBL,Barcelona,negative,Generalized Gamma,0.0219329735808399,2.4395933889271654e-55,773481.5718425749,773520.7156654624,15.605300612146522,20.024335812237787,30.23847730965452,131394,14.783333333333333,18.5,27.95
LEBL,Barcelona,negative,Weibull,0.5305370632507673,0.0,975532.9988182414,975562.3566854071,8.36206369581253,16.13007455864972,47.231696335201406,131394,14.783333333333333,18.5,27.95
LEBL,Barcelona,negative,Gamma,0.9432611072091502,0.0,2056389.1722142182,2056418.530081384,0.019899235010747626,0.09930314923515776,1.437378774173888,131394,14.783333333333333,18.5,27.95
LEBL,Barcelona,negative,Log-Normal,0.036167516733309535,9.090369779836941e-150,779672.6429038384,779702.0007710041,15.367873513437969,20.73548123407178,35.998269333170406,131394,14.783333333333333,18.5,27.95
EDDM,Munich,positive,Log-Logistic,0.029132485606017555,5.039489952681064e-182,1721735.8239314924,1721767.066689897,28.56109511274503,44.01197736437304,113.72584590847993,246287,25.416666666666668,34.166666666666664,62.15
EDDM,Munich,positive,Burr XII,0.013794813246461979,3.860387232415426e-41,1703410.5629546964,1703452.2199659026,25.51895294570766,34.71795473476085,66.6840769141561,246287,25.416666666666668,34.166666666666664,62.15
EDDM,Munich,positive,Generalized Gamma,0.01976358668282291,5.373605526222294e-84,1708302.5449401285,1708344.2019513347,27.05014747667541,35.88465754366857,57.71835674462605,246287,25.416666666666668,34.166666666666664,62.15
EDDM,Munich,positive,Weibull,0.02812839841421136,1.0152890048279404e-169,1710760.7913522099,1710792.0341106146,27.50843735204485,35.898627279005176,55.46439719672654,246287,25.416666666666668,34.166666666666664,62.15
EDDM,Munich,positive,Gamma,0.8654585963549785,0.0,3941459.3890486727,3941490.631807077,0.5818556387744789,1.4507665532071623,4.517687341359999,246287,25.416666666666668,34.166666666666664,62.15
EDDM,Munich,positive,Log-Normal,0.0289670696823493,5.742789463780885e-180,1715616.3539743556,1715647.5967327603,26.759540984753407,37.517767822789374,70.2092679695664,246287,25.416666666666668,34.166666666666664,62.15
EDDM,Munich,negative,Log-Logistic,0.037966575314041046,5.056421393372134e-249,1210316.0666253413,1210346.661986426,16.7859699373103,23.462268501900898,48.32904924106267,198482,15.4,18.7,26.066666666666666
EDDM,Munich,negative,Burr XII,0.01720863182200638,1.7335580555539838e-51,1183971.6744514664,1184012.468266246,15.11891959720711,18.583831167974193,28.345837206444195,198482,15.4,18.7,26.066666666666666
EDDM,Munich,negative,Generalized Gamma,0.029006095453679714,1.647838521551932e-145,1192716.6923895495,1192757.486204329,16.26157613552669,20.439926991035467,29.812942565288598,198482,15.4,18.7,26.066666666666666
EDDM,Munich,negative,Weibull,0.6531133063016423,0.0,1719486.5117080987,1719517.1070691834,9.45410939889504,27.937725676158603,164.32559629166687,198482,15.4,18.7,26.066666666666666
EDDM,Munich,negative,Gamma,0.9831159876856722,0.0,3832902.960042089,3832933.555403174,0.016666666667043813,0.016667847301660883,0.1269584155907049,198482,15.4,18.7,26.066666666666666
EDDM,Munich,negative,Log-Normal,0.03796395777552797,5.471803596907488e-249,1201395.9362857966,1201426.5316468813,15.840700476488697,20.555030035667766,33.05683887621677,198482,15.4,18.7,26.066666666666666
EGKK,London Gatwick,positive,Log-Logistic,0.02664493914130038,4.100388188082442e-148,1890302.6068595883,1890333.7651342482,42.60266503441598,62.357419154408376,143.3073103512442,239448,39.25,51.71666666666667,89.82549999999998
EGKK,London Gatwick,positive,Burr XII,0.004754572118961797,3.96282300094602e-05,1874977.839534007,1875019.38390022,38.78119597578257,51.476114878026166,93.81077372822266,239448,39.25,51.71666666666667,89.82549999999998
EGKK,London Gatwick,positive,Generalized Gamma,0.021417467566646697,7.625173634674631e-96,1879683.0992404793,1879724.6436066923,41.51459499604442,53.83489916786176,83.41030800523825,239448,39.25,51.71666666666667,89.82549999999998
EGKK,London Gatwick,positive,Weibull,0.026568692118986492,2.864004481362605e-147,1882223.472140357,1882254.6304150168,41.868193838157346,53.21609029377056,78.74992926607305,239448,39.25,51.71666666666667,89.82549999999998
EGKK,London Gatwick,positive,Gamma,0.9103220599433858,0.0,4996493.247471189,4996524.405745849,0.41215921588531973,1.2058236265924966,4.330021931701776,239448,39.25,51.71666666666667,89.82549999999998
EGKK,London Gatwick,positive,Log-Normal,0.02373273445902585,1.365592561548924e-117,1884625.5681831343,1884656.7264577942,40.82488290646582,55.19360069782958,96.29692155867625,239448,39.25,51.71666666666667,89.82549999999998
EGKK,London Gatwick,negative,Log-Logistic,0.03852094493838465,2.7630513681958373e-99,471794.77201937616,471822.51377757685,18.143088776545486,26.79525063544286,62.72309584617844,76669,16.153333333333283,19.816666666666666,28.3
EGKK,London Gatwick,negative,Burr XII,0.023337200279406056,1.0503108130968291e-36,461223.21398072335,461260.2029916576,16.39780986653215,20.909094021877852,34.53563361772082,76669,16.153333333333283,19.816666666666666,28.3
EGKK,London Gatwick,negative,Generalized Gamma,0.028462268643884403,2.165224406320308e-54,465372.53353522485,465409.5225461591,17.187199081514102,22.257346992039317,34.220828487972334,76669,16.153333333333283,19.816666666666666,28.3
EGKK,London Gatwick,negative,Weibull,0.6440045390071127,0.0,649791.1197710161,649818.8615292168,6.702935257363814,17.357194572882907,82.30338060718354,76669,16.153333333333283,19.816666666666666,28.3
EGKK,London Gatwick,negative,Gamma,0.9826153218964674,0.0,1474489.5316904052,1474517.2734486058,0.016666666666956945,0.01666771059036724,0.1249716734797207,76669,16.153333333333283,19.816666666666666,28.3
EGKK,London Gatwick,negative,Log-Normal,0.0393955736302688,7.940431848641266e-104,468699.63485951844,468727.3766177191,16.779389802695267,22.64323564975389,39.30920557748626,76669,16.153333333333283,19.816666666666666,28.3
LIRF,Rome Fiumicino,positive,Log-Logistic,0.028319247755265065,2.6924070754045398e-107,1074069.634270676,1074099.456311579,29.450358345287682,46.44974635209172,126.53484359455325,153381,25.783333333333335,35.55,67.68666666666687
LIRF,Rome Fiumicino,positive,Burr XII,0.00924766240433783,8.03239894591719e-12,1062490.6510897048,1062530.413810909,25.806314397400012,35.61000932663419,70.47993371644921,153381,25.783333333333335,35.55,67.68666666666687
LIRF,Rome Fiumicino,positive,Generalized Gamma,0.019843767591053385,6.761791398618722e-53,1066404.6728858422,1066444.4356070464,27.72477248037251,37.3803826586183,61.95306774969427,153381,25.783333333333335,35.55,67.68666666666687
LIRF,Rome Fiumicino,positive,Weibull,0.03001468036282534,1.7723789096906033e-120,1067948.9244163728,1067978.746457276,28.31044943434419,37.41775369717888,59.0246788290407,153381,25.783333333333335,35.55,67.68666666666687
LIRF,Rome Fiumicino,positive,Gamma,0.8694747882807812,0.0,2483602.882175304,2483632.7042162074,0.48282467913269905,1.2922956040694968,4.290879646786827,153381,25.783333333333335,35.55,67.68666666666687
LIRF,Rome Fiumicino,positive,Log-Normal,0.028820042762475573,4.134024387722824e-111,1070663.4265746132,1070693.2486155163,27.467187956375582,39.219112513121004,76.02372494995613,153381,25.783333333333335,35.55,67.68666666666687
LIRF,Rome Fiumicino,negative,Log-Logistic,0.036552062784319495,2.396718932337676e-223,1268658.16315117,1268688.659340591,21.36007614900065,29.359600833818448,58.15475427332482,192028,19.95,24.066666666666666,33.03333333333333
LIRF,Rome Fiumicino,negative,Burr XII,0.016689415860753343,6.843967620329532e-47,1244495.9662939466,1244536.6278798415,18.980037825997805,22.734824360483266,32.64898229930613,192028,19.95,24.066666666666666,33.03333333333333
LIRF,Rome Fiumicino,negative,Generalized Gamma,0.032494042293947034,1.3788976724440972e-176,1252797.5999905,1252838.2615763948,20.60646851062534,25.963880230730336,38.390976680696475,192028,19.95,24.066666666666666,33.03333333333333
LIRF,Rome Fiumicino,negative,Weibull,0.6245324819318286,0.0,1701156.5050907119,1701187.001280133,10.660193112646466,24.907098341052667,99.75972314233918,192028,19.95,24.066666666666666,33.03333333333333
LIRF,Rome Fiumicino,negative,Gamma,0.967690280050313,0.0,3682297.181653786,3682327.677843207,0.016686320823081652,0.023632927590591494,0.7798139301302718,192028,19.95,24.066666666666666,33.03333333333333
LIRF,Rome Fiumicino,negative,Log-Normal,0.03437516193032897,1.405396558499705e-197,1259780.5924086764,1259811.0885980974,20.279391298090676,25.991853787971987,40.80127674169719,192028,19.95,24.066666666666666,33.03333333333333
EIDW,Dublin,positive,Log-Logistic,0.029295716604612485,5.596512188935602e-101,971699.2086798614,971728.6444570939,31.822306964952517,49.114924457189105,127.36179143707794,134851,28.116666666666667,38.13333333333333,72.65
EIDW,Dublin,positive,Burr XII,0.007278855299730699,1.2390942184220118e-06,961418.8288641105,961458.0765670873,28.450036933223405,38.983420982434794,75.95722869024203,134851,28.116666666666667,38.13333333333333,72.65
EIDW,Dublin,positive,Generalized Gamma,0.021782558762263093,5.165149997228277e-56,964981.2982523857,965020.5459553625,30.27975553586935,40.354105172427545,65.50465885530687,134851,28.116666666666667,38.13333333333333,72.65
EIDW,Dublin,positive,Weibull,0.02768102063227662,3.3747463491161253e-90,966560.3386367372,966589.7744139697,30.620881024268613,39.92356123301482,61.589752226172905,134851,28.116666666666667,38.13333333333333,72.65
EIDW,Dublin,positive,Gamma,0.8658983267741499,0.0,2257238.9002633486,2257268.336040581,0.6389582023223539,1.556947783259117,4.746313461953762,134851,28.116666666666667,38.13333333333333,72.65
EIDW,Dublin,positive,Log-Normal,0.02947928114606785,3.0455361537354647e-102,968618.46525584,968647.9010330725,29.894861581679514,42.01474241572264,78.99076873875673,134851,28.116666666666667,38.13333333333333,72.65
EIDW,Dublin,negative,Log-Logistic,0.03714496114791746,7.918798984324383e-158,873287.2609456617,873316.6164601996,22.211848544725264,31.166172226686623,64.77230099974896,131291,20.516666666666666,24.783333333333335,33.5
EIDW,Dublin,negative,Burr XII,0.018586164570503383,7.921447649701774e-40,855303.3775049323,855342.5181909829,20.269496331338683,24.92086385232565,37.94590322804735,131291,20.516666666666666,24.783333333333335,33.5
EIDW,Dublin,negative,Generalized Gamma,0.024153656935141488,5.700318586557804e-67,860292.8440580902,860331.9847441408,21.324473469371775,26.67268725789262,38.49375095985651,131291,20.516666666666666,24.783333333333335,33.5
EIDW,Dublin,negative,Weibull,0.5742366876915623,0.0,1111607.3380457945,1111636.6935603323,11.701202561156745,24.20406536836764,79.4291981300139,131291,20.516666666666666,24.783333333333335,33.5
EIDW,Dublin,negative,Gamma,0.9580994033099328,0.0,2429500.11052566,2429529.466040198,0.017174949658516757,0.050999049765633006,1.1784154398569993,131291,20.516666666666666,24.783333333333335,33.5
EIDW,Dublin,negative,Log-Normal,0.03655738694942667,6.922858373940005e-153,867133.0336182239,867162.3891327617,20.86964452185349,27.112498675965078,43.6980114337007,131291,20.516666666666666,24.783333333333335,33.5
LATI,Tirana,positive,Log-Logistic,0.03197640195613394,7.902878204822958e-21,158208.68073053227,158232.80499574816,25.6157049432173,37.0728012567055,82.94882660728662,22958,23.133333333333333,29.666666666666668,50.73100000000001
LATI,Tirana,positive,Burr XII,0.017707183156301265,1.1043823437238089e-06,156415.87366527566,156448.03935223017,21.699526498735914,27.134872299846528,42.979755371044234,22958,23.133333333333333,29.666666666666668,50.73100000000001
LATI,Tirana,positive,Generalized Gamma,0.026236344337547346,3.6738101383756815e-14,156937.2475286341,156969.4132155886,24.74582434790674,32.10929471268055,50.015307333384335,22958,23.133333333333333,29.666666666666668,50.73100000000001
LATI,Tirana,positive,Weibull,0.024310395058642853,3.217213387216184e-12,156974.35045162556,156998.47471684145,24.952914989578876,31.558348981047,46.322340713457535,22958,23.133333333333333,29.666666666666668,50.73100000000001
LATI,Tirana,positive,Gamma,0.8356824353785322,0.0,338855.20651178487,338879.33077700075,1.1614672331517224,2.2943887407988,5.72619352948549,22958,23.133333333333333,29.666666666666668,50.73100000000001
LATI,Tirana,positive,Log-Normal,0.03149211745996883,3.244286578374527e-20,157535.4226429278,157559.54690814367,24.397667133266822,32.65259083889639,55.83691805360711,22958,23.133333333333333,29.666666666666668,50.73100000000001
LATI,Tirana,negative,Log-Logistic,0.03432626759041657,4.9228552892536834e-14,82893.64900820145,82916.13195494894,19.13791175756748,28.62136735751918,69.02063280133169,13284,16.883333333333333,21.844999999999953,35.26700000000001
LATI,Tirana,negative,Burr XII,0.012552380039649313,0.03015468120080267,81551.39243092216,81581.36969325214,17.280978702662694,23.192117853004497,43.19993504193701,13284,16.883333333333333,21.844999999999953,35.26700000000001
LATI,Tirana,negative,Generalized Gamma,0.01795595837519287,0.00037625061068855236,81755.36701474727,81785.34427707725,17.895026546946443,22.987414119013227,34.73766555896939,13284,16.883333333333333,21.844999999999953,35.26700000000001
LATI,Tirana,negative,Weibull,0.016429692309680666,0.0015189369717930742,81766.49882256913,81788.98176931663,17.92468711127434,22.884799224630477,34.11449747348934,13284,16.883333333333333,21.844999999999953,35.26700000000001
LATI,Tirana,negative,Gamma,0.8556725346860444,0.0,178162.16469632,178184.64764306747,0.5133253458484518,1.3000682088598912,4.109454842768484,13284,16.883333333333333,21.844999999999953,35.26700000000001
LATI,Tirana,negative,Log-Normal,0.03424058330150381,5.75526218669179e-14,82409.79145802147,82432.27440476896,17.763328383728446,24.223903653645706,42.941690091962016,13284,16.883333333333333,21.844999999999953,35.26700000000001
LQSA,Sarajevo,positive,Log-Logistic,0.03339213197219726,1.3493848359007716e-09,67318.81321971465,67340.2767511757,29.128842442887553,42.914566195762156,100.04265841675254,9457,26.496666666666655,34.86999999999998,56.09600000000003
LQSA,Sarajevo,positive,Burr XII,0.009083747264195363,0.4136611323160637,66567.81384539264,66596.4318873407,26.184558034830832,34.432813777599,61.270930590142825,9457,26.496666666666655,34.86999999999998,56.09600000000003
LQSA,Sarajevo,positive,Generalized Gamma,0.021319515329218774,0.00036392663224051465,66697.05955151985,66725.67759346792,27.89794973421981,35.85401882993881,54.38299738819578,9457,26.496666666666655,34.86999999999998,56.09600000000003
LQSA,Sarajevo,positive,Weibull,0.023335637894549982,6.618388635556696e-05,66726.1693594919,66747.63289095295,27.95567571598427,35.51827936846768,52.52642308154189,9457,26.496666666666655,34.86999999999998,56.09600000000003
LQSA,Sarajevo,positive,Gamma,0.7881911287062887,0.0,134968.40812273463,134989.87165419568,2.070002129382198,3.5053490396845,7.450454113198738,9457,26.496666666666655,34.86999999999998,56.09600000000003
LQSA,Sarajevo,positive,Log-Normal,0.027403599653581523,1.329418019680706e-06,67035.1978570269,67056.66138848795,27.55305265049273,37.310099768102624,65.26651217080648,9457,26.496666666666655,34.86999999999998,56.09600000000003
LQSA,Sarajevo,negative,Log-Logistic,0.03764274694188874,1.0066463167361264e-06,31963.262839979707,31982.87794225965,19.35861951658026,29.0730637325917,70.7679396370815,5107,17.366666666666667,21.694999999999997,38.27133333333325
LQSA,Sarajevo,negative,Burr XII,0.028603985549554345,0.00046010531752210836,31410.322196335528,31436.47566604212,16.54034105063051,22.08338764601883,40.5357107748978,5107,17.366666666666667,21.694999999999997,38.27133333333325
LQSA,Sarajevo,negative,Generalized Gamma,0.22361723472680617,7.894608258850348e-225,32793.47733925771,32819.6308089643,15.842549447672496,23.107617972942304,43.52201495254657,5107,17.366666666666667,21.694999999999997,38.27133333333325
LQSA,Sarajevo,negative,Weibull,0.02104228452406287,0.02141501989062406,31523.85131932745,31543.46642160739,18.14166360831438,23.231757110095497,34.80285157227728,5107,17.366666666666667,21.694999999999997,38.27133333333325
LQSA,Sarajevo,negative,Gamma,0.7660534657422963,0.0,59801.33773692927,59820.95283920922,1.479607902300339,2.670184643073339,6.0764795455885485,5107,17.366666666666667,21.694999999999997,38.27133333333325
LQSA,Sarajevo,negative,Log-Normal,0.0354384273275451,5.230041595881571e-06,31785.24319370717,31804.858295987113,17.985760567682767,24.62863652375844,44.00399897906262,5107,17.366666666666667,21.694999999999997,38.27133333333325
LBSF,Sofia,positive,Log-Logistic,0.03005148052689577,6.4453498440240704e-27,232115.49526074788,232140.7759122483,26.822308945488057,41.06250994462373,104.52533211284388,33755,23.9,32.21666666666667,55.53066666666661
LBSF,Sofia,positive,Burr XII,0.00842615712320488,0.016477939382892083,229438.2438561368,229471.9513914707,23.662223028542403,31.907004840047957,60.00252613487556,33755,23.9,32.21666666666667,55.53066666666661
LBSF,Sofia,positive,Generalized Gamma,0.01912712473435213,3.701212053903052e-11,230019.79670335256,230053.50423868647,25.292588153504298,33.25579276040576,52.56341964570746,33755,23.9,32.21666666666667,55.53066666666661
LBSF,Sofia,positive,Weibull,0.023309882405222027,2.3006163007998047e-16,230246.59440223893,230271.87505373935,25.418085911899865,32.844521758692764,49.93286531696593,33755,23.9,32.21666666666667,55.53066666666661
LBSF,Sofia,positive,Gamma,0.827172786045082,0.0,493934.68565376505,493959.9663052655,1.0532094667182565,2.1457126348111455,5.521185983678429,33755,23.9,32.21666666666667,55.53066666666661
LBSF,Sofia,positive,Log-Normal,0.02970888615020084,2.569503244638448e-26,231184.2798494795,231209.56050097992,25.074818590803872,34.93570898868557,64.5850076621422,33755,23.9,32.21666666666667,55.53066666666661
LBSF,Sofia,negative,Log-Logistic,0.035728022552033,2.860308744030878e-38,225846.83887153564,225872.15126094426,22.471462058562857,32.600072755455116,73.28331439385734,34114,20.2,25.25,39.27900000000009
LBSF,Sofia,negative,Burr XII,0.01042554917419436,0.0011947991803562897,222092.17775284324,222125.92760538805,19.98364862680538,25.54389124833054,42.47816168366708,34114,20.2,25.25,39.27900000000009
LBSF,Sofia,negative,Generalized Gamma,0.0316207821914537,4.551683480107576e-30,223565.34814685758,223599.09799940238,21.422299880453735,27.942475818899897,44.02988446110973,34114,20.2,25.25,39.27900000000009
LBSF,Sofia,negative,Weibull,0.020027953700310852,2.5625699570720328e-12,223297.31185431912,223322.62424372774,21.570914280223977,27.29780391009666,40.10899319985299,34114,20.2,25.25,39.27900000000009
LBSF,Sofia,negative,Gamma,0.8644180521574977,0.0,499467.5138504774,499492.826239886,0.585888048068804,1.444173549127431,4.451067352718681,34114,20.2,25.25,39.27900000000009
LBSF,Sofia,negative,Log-Normal,0.03552277472852572,7.763199662558332e-38,224623.8911774745,224649.2035668831,21.145092889855334,28.26066876545761,48.17239488214243,34114,20.2,25.25,39.27900000000009
LBBG,Burgas,positive,Log-Logistic,0.03186783378825837,1.051103550459628e-09,73232.24371303976,73254.02310398183,28.86419641392242,45.27652094632555,121.8088444607831,10507,25.516666666666666,33.56166666666665,60.59700000000045
LBBG,Burgas,positive,Burr XII,0.01178635517027632,0.10708644812529156,72388.67692803909,72417.71611596184,24.81305659696279,33.84689474514646,65.2684086602365,10507,25.516666666666666,33.56166666666665,60.59700000000045
LBBG,Burgas,positive,Generalized Gamma,0.02156806341803419,0.00011196115616506202,72674.43765894661,72703.47684686937,27.113204866496126,36.47309586931075,60.24072754918222,10507,25.516666666666666,33.56166666666665,60.59700000000045
LBBG,Burgas,positive,Weibull,0.485314459157304,0.0,85930.16958938765,85951.94898032972,15.323929941685172,29.03938892253233,82.56777790693023,10507,25.516666666666666,33.56166666666665,60.59700000000045
LBBG,Burgas,positive,Gamma,0.9602495383043306,0.0,207181.35018348516,207203.12957442724,0.016834166749785707,0.0368852238737327,1.045749462878897,10507,25.516666666666666,33.56166666666665,60.59700000000045
LBBG,Burgas,positive,Log-Normal,0.029523586222308995,2.1690521078233993e-08,72966.329957587,72988.10934852908,26.796764078455404,38.037657105246836,72.89949259250206,10507,25.516666666666666,33.56166666666665,60.59700000000045
LBBG,Burgas,negative,Log-Logistic,0.03321436544047385,4.100356856452071e-12,80536.3593547684,80558.58323766658,21.880733051620894,31.0313555173557,66.20330670966763,12185,20.1,25.233333333333334,37.52199999999999
LBBG,Burgas,negative,Burr XII,0.011934431555837732,0.06167230338564389,79346.68524073303,79376.31708459726,19.824692067674963,25.080772004297177,40.876159717026525,12185,20.1,25.233333333333334,37.52199999999999
LBBG,Burgas,negative,Generalized Gamma,0.12279948836172816,1.3459913118647247e-160,80937.99812172416,80967.62996558839,22.82010902755155,31.857263443390597,56.669895164819735,12185,20.1,25.233333333333334,37.52199999999999
LBBG,Burgas,negative,Weibull,0.02423465905327349,1.1947466656359305e-06,79746.8840388517,79769.10792174988,21.39102800950936,26.861097113513647,38.97022279308994,12185,20.1,25.233333333333334,37.52199999999999
LBBG,Burgas,negative,Gamma,0.9055510394789028,0.0,193138.12799786442,193160.35188076258,0.19964285410491991,0.7402480292390909,3.28636589368464,12185,20.1,25.233333333333334,37.52199999999999
LBBG,Burgas,negative,Log-Normal,0.03223048044153798,1.9720106516835737e-11,80122.18816798733,80144.41205088551,20.850743300710118,27.450231066418052,45.4431243548663,12185,20.1,25.233333333333334,37.52199999999999
LDZA,Zagreb,positive,Log-Logistic,0.031046238537096482,4.962554780804197e-25,200415.05844600848,200439.92193950055,25.76902631611976,38.92337809028766,96.04970612514776,29373,23.05,30.473333333333297,51.071333333333314
LDZA,Zagreb,positive,Burr XII,0.007561546184692902,0.06919189896826972,197868.18821504683,197901.33953970292,22.978491926148962,30.82233185385763,57.32696468694561,29373,23.05,30.473333333333297,51.071333333333314
LDZA,Zagreb,positive,Generalized Gamma,0.019874114778472507,1.6493227412118617e-10,198295.4248717745,198328.5761964306,24.292989867748336,31.532696377595983,48.601820877135744,29373,23.05,30.473333333333297,51.071333333333314
LDZA,Zagreb,positive,Weibull,0.0188541179345727,1.6811088508818749e-09,198374.87349333108,198399.73698682315,24.349170032575998,31.255947645487797,47.00706651961526,29373,23.05,30.473333333333297,51.071333333333314
LDZA,Zagreb,positive,Gamma,0.7607536805977383,0.0,384158.65663987724,384183.5201333693,2.0303231592462923,3.413874934224769,7.200205820085799,29373,23.05,30.473333333333297,51.071333333333314
LDZA,Zagreb,positive,Log-Normal,0.029491561861871518,1.2540715270116718e-22,199525.91356872654,199550.7770622186,24.095544456675963,33.20107880594159,60.059722959164056,29373,23.05,30.473333333333297,51.071333333333314
LDZA,Zagreb,negative,Log-Logistic,0.03637171694832264,2.1802889900074727e-25,133750.2064658458,133774.16291244607,18.034033386032014,26.428007921904747,60.811423040384916,21709,16.23666666666668,20.266666666666666,30.683333333333334
LDZA,Zagreb,negative,Burr XII,0.030525300953055612,5.231634993057704e-18,131335.22736252617,131367.1692913265,15.925528306053435,19.830447533550277,31.04223164525093,21709,16.23666666666668,20.266666666666666,30.683333333333334
LDZA,Zagreb,negative,Generalized Gamma,0.020595150641553706,1.978540504409722e-08,132022.7618958672,132054.70382466755,17.13968655281632,21.9268428852755,32.94393722759806,21709,16.23666666666668,20.266666666666666,30.683333333333334
LDZA,Zagreb,negative,Weibull,0.017832800132941473,1.9909842969850234e-06,132059.11328030194,132083.0697269022,17.185724478645174,21.825017713635074,32.25322861086938,21709,16.23666666666668,20.266666666666666,30.683333333333334
LDZA,Zagreb,negative,Gamma,0.860397350170163,0.0,290370.4121743911,290394.36862099136,0.46999104863894825,1.2259349188554483,3.9807957093927824,21709,16.23666666666668,20.266666666666666,30.683333333333334
LDZA,Zagreb,negative,Log-Normal,0.03683702338238648,4.962218794123459e-26,132959.400747611,132983.35719421128,16.879530131170277,22.702638454471554,39.1763297894215,21709,16.23666666666668,20.266666666666666,30.683333333333334
LDSP,Split,positive,Log-Logistic,0.029951472161838272,3.303768506151094e-15,131474.32614574174,131497.87577309101,26.88216378563946,40.106433562388546,96.23505028764001,18956,24.34166666666667,32.05416666666667,55.45666666666681
LDSP,Split,positive,Burr XII,0.00642725452733961,0.41218096205126953,129997.3981865284,130028.79768966074,23.928786519163456,31.864538713085608,58.3476886084633,18956,24.34166666666667,32.05416666666667,55.45666666666681
LDSP,Split,positive,Generalized Gamma,0.025179842082536097,7.131720538672954e-11,130415.61148906272,130447.01099219506,25.85860317204113,33.790469911222274,52.9375562212655,18956,24.34166666666667,32.05416666666667,55.45666666666681
LDSP,Split,positive,Weibull,0.6617574849041303,0.0,181009.3590337511,181032.90866110037,12.94614746064971,40.801018986148236,266.5211040150993,18956,24.34166666666667,32.05416666666667,55.45666666666681
LDSP,Split,positive,Gamma,0.9919117300797861,0.0,446966.92733981134,446990.4769671606,0.016666666666666663,0.01666666666669572,0.020383966166034665,18956,24.34166666666667,32.05416666666667,55.45666666666681
LDSP,Split,positive,Log-Normal,0.026944551537613992,2.1763165168396667e-12,130958.43824841885,130981.98787576811,25.405668776559242,34.76267478448973,62.05241700349834,18956,24.34166666666667,32.05416666666667,55.45666666666681
LDSP,Split,negative,Log-Logistic,0.03525785177696028,5.412338572645326e-12,64517.58135615023,64539.41563357231,17.27266120134967,25.90781081353607,62.89161097637348,10701,15.45,19.716666666666665,31.2
LDSP,Split,negative,Burr XII,0.018445352915964566,0.0013587703626813338,63304.21742026131,63333.32979015742,15.105639965653243,19.394053654126896,32.42552101552294,10701,15.45,19.716666666666665,31.2
LDSP,Split,negative,Generalized Gamma,0.024275348671436547,6.547229223140872e-06,63545.09745608582,63574.20982598193,15.950027094632002,20.71848195217343,32.082255461283125,10701,15.45,19.716666666666665,31.2
LDSP,Split,negative,Weibull,0.01346185138462147,0.04099056460864503,63490.01391475087,63511.84819217295,16.014144737021923,20.42343392670621,30.391853909164364,10701,15.45,19.716666666666665,31.2
LDSP,Split,negative,Gamma,0.6792752287662959,0.0,106920.96325771004,106942.79753513212,2.3938260599290415,3.7582791685485546,7.336628393822665,10701,15.45,19.716666666666665,31.2
LDSP,Split,negative,Log-Normal,0.03538237068407635,4.482785745087841e-12,64110.13781325868,64131.97209068076,15.970314177870966,21.796120823705813,38.69331546419415,10701,15.45,19.716666666666665,31.2
LDDU,Dubrovnik,positive,Log-Logistic,0.030211556305930476,6.26472826952909e-11,90863.94088270256,90886.41296970968,26.227392210591585,39.50423614105119,96.9317315133928,13236,23.441666666666666,31.316666666666666,55.8708333333333
LDDU,Dubrovnik,positive,Burr XII,0.006324828908631737,0.6624030829288066,89910.53749208665,89940.50027476282,23.296869168582603,31.231067001996163,58.0564490797473,13236,23.441666666666666,31.316666666666666,55.8708333333333
LDDU,Dubrovnik,positive,Generalized Gamma,0.021977327591090612,5.511255869843727e-06,90175.02888216526,90204.99166484144,25.06845879253333,32.916053019928654,52.074928859065274,13236,23.441666666666666,31.316666666666666,55.8708333333333
LDDU,Dubrovnik,positive,Weibull,0.07619932638330718,2.7558881266796982e-67,90905.59304806509,90928.0651350722,28.30567964572685,38.19113596197783,62.31027149309575,13236,23.441666666666666,31.316666666666666,55.8708333333333
LDDU,Dubrovnik,positive,Gamma,0.8581301925675227,0.0,201347.88932869205,201370.36141569918,0.7349918982105346,1.6927414495122042,4.898109125753702,13236,23.441666666666666,31.316666666666666,55.8708333333333
LDDU,Dubrovnik,positive,Log-Normal,0.031115147381255315,1.4431337796732269e-11,90520.90967426164,90543.38176126876,24.751796599637913,34.12920565721264,61.85617075390722,13236,23.441666666666666,31.316666666666666,55.8708333333333
LDDU,Dubrovnik,negative,Log-Logistic,0.03521629627680534,1.992125588660708e-10,57297.02670788759,57318.43129457999,18.293136390927774,27.00884994658099,63.22241429270162,9273,16.65,20.7,33.59000000000005
LDDU,Dubrovnik,negative,Burr XII,0.019436322569469158,0.00178852090359516,56267.77602841622,56296.31547733942,16.103168446700177,20.445260047002193,33.34673091728618,9273,16.65,20.7,33.59000000000005
LDDU,Dubrovnik,negative,Generalized Gamma,0.029813836187308818,1.3547432097575295e-07,56583.132259080274,56611.67170800347,17.245128889327805,22.496674180616147,35.279851160950976,9273,16.65,20.7,33.59000000000005
LDDU,Dubrovnik,negative,Weibull,0.09815936322213215,3.168666914248904e-78,56886.31938712085,56907.72397381325,16.965947919540294,22.5043299648955,35.70984150492237,9273,16.65,20.7,33.59000000000005
LDDU,Dubrovnik,negative,Gamma,0.7276212674913862,0.0,101626.4467071562,101647.8512938486,2.009054713323771,3.3046410092709615,6.802603448846102,9273,16.65,20.7,33.59000000000005
LDDU,Dubrovnik,negative,Log-Normal,0.03413570699873836,8.008392750219267e-10,56964.07225574554,56985.476842437936,17.09677458686194,23.118481318486843,40.30913582731821,9273,16.65,20.7,33.59000000000005
BKPR,Pristina,positive,Log-Logistic,0.03149967685705439,1.0559528141710934e-11,91891.31220017574,91913.74688362704,27.68646290199516,40.46134520241238,92.58339306193471,13072,25.166666666666668,32.274166666666645,54.947833333333286
BKPR,Pristina,positive,Burr XII,0.010807895194096195,0.0936599529213652,90816.74270700577,90846.65561827418,24.849266382397534,32.38091061676584,56.46583140117399,13072,25.166666666666668,32.274166666666645,54.947833333333286
BKPR,Pristina,positive,Generalized Gamma,0.02502051512902148,1.5307098218553242e-07,91105.07935492462,91134.99226619302,26.488545077370766,34.579065156988676,54.51824043393927,13072,25.166666666666668,32.274166666666645,54.947833333333286
BKPR,Pristina,positive,Weibull,0.02084615102890386,2.293502035118532e-05,91041.59384720176,91064.02853065306,26.602774033268616,33.677570472765076,49.511311435035,13072,25.166666666666668,32.274166666666645,54.947833333333286
BKPR,Pristina,positive,Gamma,0.7532755494825633,0.0,174972.6644444145,174995.0991278658,2.6436379134633543,4.181315882983635,8.23184046725459,13072,25.166666666666668,32.274166666666645,54.947833333333286
BKPR,Pristina,positive,Log-Normal,0.027677286017600222,3.926475817182925e-09,91485.55149982854,91507.98618327983,26.219073871999626,35.28776709902009,61.00117836401228,13072,25.166666666666668,32.274166666666645,54.947833333333286
BKPR,Pristina,negative,Log-Logistic,0.04208562511279579,7.690782170441637e-13,49064.52467233368,49085.50830660866,17.32238877193105,25.19165753260833,56.93520876013591,8059,15.373333333333328,19.103333333333318,29.26133333333334
BKPR,Pristina,negative,Burr XII,0.010847872778373346,0.2969772649551773,48030.110873859405,48058.089052892705,15.36450583189078,19.50524048209594,31.94183360716485,8059,15.373333333333328,19.103333333333318,29.26133333333334
BKPR,Pristina,negative,Generalized Gamma,0.027313639573041226,1.1753973252856354e-05,48306.96015483243,48334.93833386573,16.315076216908587,20.715241833455902,30.695537898554228,8059,15.373333333333328,19.103333333333318,29.26133333333334
BKPR,Pristina,negative,Weibull,0.024842101314462517,9.407589051849035e-05,48312.12452993229,48333.10816420727,16.34124911651609,20.64508436064577,30.25165859103776,8059,15.373333333333328,19.103333333333318,29.26133333333334
BKPR,Pristina,negative,Gamma,0.8960631824426067,0.0,112863.60843044297,112884.59206471794,0.19596813858651246,0.7122157324553533,3.112940558563195,8059,15.373333333333328,19.103333333333318,29.26133333333334
BKPR,Pristina,negative,Log-Normal,0.04369911707460816,8.238543465948207e-14,48727.973968590864,48748.95760286584,16.12019637571881,21.52257087447278,36.606135382011445,8059,15.373333333333328,19.103333333333318,29.26133333333334
LYTV,Tivat,positive,Log-Logistic,0.03178174793560662,1.6795124705715375e-07,56507.18106103684,56528.162460952226,28.726476424116093,43.87845099257301,111.09743958662709,8053,25.580000000000002,35.00666666666666,57.14133333333333
LYTV,Tivat,positive,Burr XII,0.012839146194498108,0.13935270673176425,55832.9390157482,55860.91421563538,25.05138357865693,33.81102969362735,63.74210813845161,8053,25.580000000000002,35.00666666666666,57.14133333333333
LYTV,Tivat,positive,Generalized Gamma,0.019902355590186827,0.0033454460016931033,55918.38867975316,55946.36387964034,26.84810452141127,34.9434014422556,54.0853137912083,8053,25.580000000000002,35.00666666666666,57.14133333333333
LYTV,Tivat,positive,Weibull,0.024086098360034724,0.00017207209381074298,55935.544874051004,55956.52627396639,26.89924119357132,34.628676303282155,52.32419503842728,8053,25.580000000000002,35.00666666666666,57.14133333333333
LYTV,Tivat,positive,Gamma,0.7154367206543328,0.0,102739.24083182344,102760.22223173882,2.9596342667465714,4.57111717697377,8.753444193560565,8053,25.580000000000002,35.00666666666666,57.14133333333333
LYTV,Tivat,positive,Log-Normal,0.03248955024287281,8.065662860135831e-08,56261.167598641434,56282.14899855682,26.743372427902365,37.13775922711416,68.20888652783418,8053,25.580000000000002,35.00666666666666,57.14133333333333
LYTV,Tivat,negative,Log-Logistic,0.03776908189017936,1.3493678472199865e-07,35632.93231794835,35652.91723733569,17.559189361238374,24.883762263967252,52.94717682826088,5777,15.966666666666667,19.539999999999996,28.089333333333283
LYTV,Tivat,negative,Burr XII,0.024351634334596195,0.0020802322743620665,34911.47743241678,34938.1239915999,15.909564683377512,19.48531193017443,29.355237576846932,5777,15.966666666666667,19.539999999999996,28.089333333333283
LYTV,Tivat,negative,Generalized Gamma,0.02837042594422967,0.00017926005729209356,35164.0797175038,35190.726276686924,16.992372867019412,21.50987783142715,31.763358889350297,5777,15.966666666666667,19.539999999999996,28.089333333333283
LYTV,Tivat,negative,Weibull,0.49724433752305264,0.0,43143.99053782308,43163.97545721043,10.794148220872891,19.522825277389035,51.44149874105718,5777,15.966666666666667,19.539999999999996,28.089333333333283
LYTV,Tivat,negative,Gamma,0.9284526424694866,0.0,89236.83002054828,89256.81493993562,0.047828675677354424,0.28561619889916545,2.1791804081623902,5777,15.966666666666667,19.539999999999996,28.089333333333283
LYTV,Tivat,negative,Log-Normal,0.03728171840995664,2.0602368705983914e-07,35400.81542237334,35420.80034176069,16.57341960118282,21.752207586596793,35.77659207857069,5777,15.966666666666667,19.539999999999996,28.089333333333283
LWSK,Skopje,positive,Log-Logistic,0.033541414969896155,1.493630100889108e-11,79499.76826071079,79521.78551669439,27.54764457915231,40.93458499694523,97.32021865570131,11374,24.733333333333334,32.44500000000001,57.51800000000003
LWSK,Skopje,positive,Burr XII,0.01995618524116477,0.00022937344098184303,78567.9787881668,78597.33512947826,24.394171409843093,31.748316820975763,55.16715183259221,11374,24.733333333333334,32.44500000000001,57.51800000000003
LWSK,Skopje,positive,Generalized Gamma,0.02194008314303969,3.4568024074985446e-05,78830.14085214524,78859.4971934567,26.411130425202458,34.32521457140112,53.2155217202588,11374,24.733333333333334,32.44500000000001,57.51800000000003
LWSK,Skopje,positive,Weibull,0.025316038830617837,9.146171184548806e-07,78908.52021271702,78930.53746870063,26.579222521735595,33.99808760183326,50.83589911881972,11374,24.733333333333334,32.44500000000001,57.51800000000003
LWSK,Skopje,positive,Gamma,0.9059758730094241,0.0,194046.8050129251,194068.8222689087,0.21194824486423208,0.7766704622374907,3.4084551447113887,11374,24.733333333333334,32.44500000000001,57.51800000000003
LWSK,Skopje,positive,Log-Normal,0.03510241274857484,1.3021399902894848e-12,79179.90522407196,79201.92248005557,26.01946380172966,35.4950515767984,62.9901355669989,11374,24.733333333333334,32.44500000000001,57.51800000000003
LWSK,Skopje,negative,Log-Logistic,0.03950693712193244,2.1199678066875185e-13,62782.38771301714,62803.88342821133,21.89972671662571,31.712016839910646,70.9274161716183,9559,19.766666666666666,24.485000000000007,35.19200000000001
LWSK,Skopje,negative,Burr XII,0.02354014809432947,4.9297919870714226e-05,61451.775406906396,61480.43636049865,19.634510122793927,24.484727197313536,38.431848117269716,9559,19.766666666666666,24.485000000000007,35.19200000000001
LWSK,Skopje,negative,Generalized Gamma,0.27514160493073053,0.0,65611.88392324654,65640.5448768388,17.27518640059709,25.573380230600936,49.37785305875692,9559,19.766666666666666,24.485000000000007,35.19200000000001
LWSK,Skopje,negative,Weibull,0.019802877977739664,0.0010941963570177049,61655.10406190394,61676.599777098134,20.33665517122619,25.535488538868737,37.04259815720175,9559,19.766666666666666,24.485000000000007,35.19200000000001
LWSK,Skopje,negative,Gamma,0.6511555136766314,0.0,102036.97572114276,102058.47143633696,3.573892936846661,5.181181028982623,9.189976735964981,9559,19.766666666666666,24.485000000000007,35.19200000000001
LWSK,Skopje,negative,Log-Normal,0.03911336049253977,3.832920745084123e-13,62341.008236837646,62362.50395203184,20.303708111046628,26.9481235798604,45.29012559159945,9559,19.766666666666666,24.485000000000007,35.19200000000001
