,NCT_df,NCT_nc,NCT_scale,Burr_shape_c,Burr_shape_d,Burr_scale,Sample_Size,Data_Mean,Data_Std
NCT_df,1.0,-0.2855507732721226,0.028594919387452563,0.39947796964450394,-0.6918836352069163,-0.3459937594559616,-0.7230362206168215,-0.5255898531953095,-0.7016857036947426
NCT_nc,-0.2855507732721226,1.0,0.22823082742696305,-0.4045836360507862,0.6330194306493845,0.5349019520493943,0.6935655003666541,0.6402288521816266,0.642629224095433
NCT_scale,0.028594919387452563,0.22823082742696305,1.0,0.12691801857573726,0.05686609586754522,0.7615967684482505,0.28400975321964306,0.6890975166574564,0.5220836515240914
Burr_shape_c,0.39947796964450394,-0.4045836360507862,0.12691801857573726,1.0,-0.8559556302538157,0.21560075828581676,-0.32618182835620596,-0.01077657191305269,-0.34396350426305333
Burr_shape_d,-0.6918836352069163,0.6330194306493845,0.05686609586754522,-0.8559556302538157,1.0,0.2203167891893027,0.7009037953440803,0.45789317762184306,0.6785657334787071
Burr_scale,-0.3459937594559616,0.5349019520493943,0.7615967684482505,0.21560075828581676,0.2203167891893027,1.0,0.6443107772110946,0.9650575085711103,0.7384567960929286
Sample_Size,-0.7230362206168215,0.6935655003666541,0.28400975321964306,-0.32618182835620596,0.7009037953440803,0.6443107772110946,1.0,0.783749650062786,0.8492764403045838
Data_Mean,-0.5255898531953095,0.6402288521816266,0.6890975166574564,-0.01077657191305269,0.45789317762184306,0.9650575085711103,0.783749650062786,1.0,0.8599099692333851
Data_Std,-0.7016857036947426,0.642629224095433,0.5220836515240914,-0.34396350426305333,0.6785657334787071,0.7384567960929286,0.8492764403045838,0.8599099692333851,1.0
